Year,seed,sobol,scenario,recycling,trash,wishcycling
0,0,FALSE,Alabama,0.100363636,0.859757576,0.039878788
0,0,FALSE,Alaska,0.061319444,0.917708333,0.020972222
0,0,FALSE,Arizona,0.213612004,0.723097535,0.063290461
0,0,FALSE,Arkansas,0.097496947,0.868253968,0.034249084
0,0,FALSE,California,0.605809859,0.257687793,0.136502347
0,0,FALSE,Colorado,0.124119241,0.833766938,0.042113821
0,0,FALSE,Connecticut,0.514773433,0.358162632,0.127063935
0,0,FALSE,Delaware,0.13640625,0.82046875,0.043125
0,0,FALSE,Florida,0.115643275,0.847319688,0.037037037
0,0,FALSE,Georgia,0.134205426,0.831104651,0.034689922
0,0,FALSE,Hawaii,0.481858129,0.405649718,0.112492153
0,0,FALSE,Idaho,0.167473525,0.791880988,0.040645487
0,0,FALSE,Illinois,0.16113307,0.800988142,0.037878788
0,0,FALSE,Indiana,0.209320988,0.728148148,0.062530864
0,0,FALSE,Iowa,0.345610425,0.568038409,0.086351166
0,0,FALSE,Kansas,0.222359396,0.721467764,0.05617284
0,0,FALSE,Kentucky,0.119163546,0.837952559,0.042883895
0,0,FALSE,Louisiana,0.097178478,0.876246719,0.026574803
0,0,FALSE,Maine,0.780422265,0.045553423,0.174024312
0,0,FALSE,Maryland,0.37564554,0.552758216,0.071596244
0,0,FALSE,Massachusetts,0.408600126,0.499560578,0.091839297
0,0,FALSE,Michigan,0.624467354,0.243436426,0.13209622
0,0,FALSE,Minnesota,0.295833333,0.629042289,0.075124378
0,0,FALSE,Mississippi,0.098069498,0.864607465,0.037323037
0,0,FALSE,Missouri,0.129151292,0.818757688,0.052091021
0,0,FALSE,Montana,0.169520104,0.784500649,0.045979248
0,0,FALSE,Nebraska,0.186737589,0.771985816,0.041276596
0,0,FALSE,Nevada,0.206225895,0.748044077,0.045730028
0,0,FALSE,New Hampshire,0.376386507,0.535734706,0.087878788
0,0,FALSE,New Jersey,0.262669246,0.672920696,0.064410058
0,0,FALSE,New Mexico,0.151314985,0.808379205,0.04030581
0,0,FALSE,New York,0.57983368,0.303049203,0.117117117
0,0,FALSE,North Carolina,0.12801636,0.835480573,0.036503067
0,0,FALSE,North Dakota,0.216014235,0.719098458,0.064887307
0,0,FALSE,Ohio,0.138867188,0.821744792,0.039388021
0,0,FALSE,Oklahoma,0.112169312,0.856018519,0.031812169
0,0,FALSE,Oregon,0.709262251,0.106838988,0.183898761
0,0,FALSE,Pennsylvania,0.19370229,0.754643766,0.051653944
0,0,FALSE,Rhode Island,0.447124183,0.473986928,0.078888889
0,0,FALSE,South Carolina,0.07672956,0.897746331,0.025524109
0,0,FALSE,South Dakota,0.210588972,0.739035088,0.05037594
0,0,FALSE,Tennessee,0.08477237,0.891941392,0.023286238
0,0,FALSE,Texas,0.166827697,0.784433709,0.048738594
0,0,FALSE,Utah,0.211415525,0.723687215,0.06489726
0,0,FALSE,Vermont,0.561298873,0.316500994,0.122200133
0,0,FALSE,Virginia,0.149525405,0.814349525,0.03612507
0,0,FALSE,Washington,0.311960133,0.625526024,0.062513843
0,0,FALSE,West Virginia,0.16716631,0.793290507,0.039543183
0,0,FALSE,Wisconsin,0.26408805,0.674025157,0.061886792
0,0,FALSE,Wyoming,0.154753521,0.794835681,0.050410798
1,0,FALSE,Alabama,0.096186869,0.866277778,0.037535354
1,0,FALSE,Alaska,0.063362269,0.914814815,0.021822917
1,0,FALSE,Arizona,0.207449089,0.734476599,0.058074312
1,0,FALSE,Arkansas,0.096443834,0.872730973,0.030825193
1,0,FALSE,California,0.606548318,0.251242175,0.142209507
1,0,FALSE,Colorado,0.121589883,0.83570009,0.042710027
1,0,FALSE,Connecticut,0.518156425,0.356346989,0.125496586
1,0,FALSE,Delaware,0.144635417,0.815299479,0.040065104
1,0,FALSE,Florida,0.115842268,0.84480588,0.039351852
1,0,FALSE,Georgia,0.130042797,0.832869025,0.037088178
1,0,FALSE,Hawaii,0.492200251,0.394883867,0.112915882
1,0,FALSE,Idaho,0.164372163,0.791124559,0.044503278
1,0,FALSE,Illinois,0.163630874,0.799758454,0.036610672
1,0,FALSE,Indiana,0.20869856,0.733549383,0.057752058
1,0,FALSE,Iowa,0.343861454,0.566655235,0.08948331
1,0,FALSE,Kansas,0.220633288,0.725137174,0.054229538
1,0,FALSE,Kentucky,0.11514253,0.845167499,0.039689971
1,0,FALSE,Louisiana,0.094477253,0.878226159,0.027296588
1,0,FALSE,Maine,0.784868842,0.052058008,0.16307315
1,0,FALSE,Maryland,0.372760172,0.549843505,0.077396322
1,0,FALSE,Massachusetts,0.414160912,0.490845365,0.094993723
1,0,FALSE,Michigan,0.619553265,0.234753723,0.145693013
1,0,FALSE,Minnesota,0.290661277,0.636209577,0.073129146
1,0,FALSE,Mississippi,0.099790862,0.86506864,0.035140498
1,0,FALSE,Missouri,0.125896884,0.82547663,0.048626486
1,0,FALSE,Montana,0.167212495,0.787581064,0.045206442
1,0,FALSE,Nebraska,0.176016548,0.782393617,0.041589835
1,0,FALSE,Nevada,0.195932048,0.755578512,0.04848944
1,0,FALSE,New Hampshire,0.360610825,0.55964837,0.079740804
1,0,FALSE,New Jersey,0.260240705,0.676719321,0.063039974
1,0,FALSE,New Mexico,0.145754332,0.818460754,0.035784913
1,0,FALSE,New York,0.595893971,0.293202818,0.110903211
1,0,FALSE,North Carolina,0.132157464,0.830095433,0.037747103
1,0,FALSE,North Dakota,0.20270858,0.736378015,0.060913405
1,0,FALSE,Ohio,0.147851563,0.816221788,0.035926649
1,0,FALSE,Oklahoma,0.109011243,0.858989198,0.031999559
1,0,FALSE,Oregon,0.713817088,0.111950278,0.174232633
1,0,FALSE,Pennsylvania,0.198786047,0.747863656,0.053350297
1,0,FALSE,Rhode Island,0.425898693,0.493327887,0.08077342
1,0,FALSE,South Carolina,0.076262229,0.898611111,0.02512666
1,0,FALSE,South Dakota,0.211894319,0.735192147,0.052913534
1,0,FALSE,Tennessee,0.086922205,0.89035409,0.022723705
1,0,FALSE,Texas,0.164756665,0.785708535,0.049534801
1,0,FALSE,Utah,0.200975076,0.734156202,0.064868721
1,0,FALSE,Vermont,0.571438038,0.310122598,0.118439364
1,0,FALSE,Virginia,0.147333892,0.816838824,0.035827285
1,0,FALSE,Washington,0.29963086,0.636194168,0.064174972
1,0,FALSE,West Virginia,0.151778492,0.811265763,0.036955746
1,0,FALSE,Wisconsin,0.26740566,0.669868973,0.062725367
1,0,FALSE,Wyoming,0.152978286,0.79137813,0.055643584
2,0,FALSE,Alabama,0.096459596,0.864489899,0.039050505
2,0,FALSE,Alaska,0.061684028,0.916591435,0.021724537
2,0,FALSE,Arizona,0.204452483,0.738428903,0.057118614
2,0,FALSE,Arkansas,0.096688034,0.871525234,0.031786732
2,0,FALSE,California,0.606308685,0.254861111,0.138830203
2,0,FALSE,Colorado,0.116504065,0.840257453,0.043238482
2,0,FALSE,Connecticut,0.524089592,0.353781295,0.122129112
2,0,FALSE,Delaware,0.141358507,0.818415799,0.040225694
2,0,FALSE,Florida,0.113360949,0.84597141,0.040667641
2,0,FALSE,Georgia,0.12441053,0.836777293,0.038812177
2,0,FALSE,Hawaii,0.488779033,0.397902281,0.113318686
2,0,FALSE,Idaho,0.158026559,0.798382081,0.04359136
2,0,FALSE,Illinois,0.153463988,0.809574001,0.036962011
2,0,FALSE,Indiana,0.206954733,0.736790123,0.056255144
2,0,FALSE,Iowa,0.343552812,0.570010288,0.0864369
2,0,FALSE,Kansas,0.218301326,0.727914952,0.053783722
2,0,FALSE,Kentucky,0.117514565,0.844392426,0.038093009
2,0,FALSE,Louisiana,0.089134952,0.883327865,0.027537183
2,0,FALSE,Maine,0.792631691,0.053929409,0.1534389
2,0,FALSE,Maryland,0.368520149,0.557922535,0.073557316
2,0,FALSE,Massachusetts,0.419088721,0.489689266,0.091222013
2,0,FALSE,Michigan,0.627044674,0.232061856,0.140893471
2,0,FALSE,Minnesota,0.280576285,0.649751244,0.069672471
2,0,FALSE,Mississippi,0.096857572,0.86727263,0.035869798
2,0,FALSE,Missouri,0.125379254,0.827752153,0.046868594
2,0,FALSE,Montana,0.161651535,0.79274211,0.045606355
2,0,FALSE,Nebraska,0.170466903,0.787943262,0.041589835
2,0,FALSE,Nevada,0.191955923,0.760642792,0.047401286
2,0,FALSE,New Hampshire,0.353259005,0.575080999,0.071659996
2,0,FALSE,New Jersey,0.252014829,0.689721685,0.058263486
2,0,FALSE,New Mexico,0.145912334,0.817665647,0.036422018
2,0,FALSE,New York,0.602506353,0.29005544,0.107438207
2,0,FALSE,North Carolina,0.127402863,0.836950409,0.035646728
2,0,FALSE,North Dakota,0.195872875,0.745403321,0.058723804
2,0,FALSE,Ohio,0.144639757,0.819270833,0.03608941
2,0,FALSE,Oklahoma,0.109264771,0.859474206,0.031261023
2,0,FALSE,Oregon,0.718008437,0.112304793,0.169686771
2,0,FALSE,Pennsylvania,0.193256997,0.755454835,0.051288168
2,0,FALSE,Rhode Island,0.42246732,0.501982571,0.075550109
2,0,FALSE,South Carolina,0.074126485,0.90172956,0.024143955
2,0,FALSE,South Dakota,0.210192147,0.739854845,0.049953008
2,0,FALSE,Tennessee,0.084297052,0.893707483,0.021995465
2,0,FALSE,Texas,0.158816425,0.795097513,0.046086062
2,0,FALSE,Utah,0.195024734,0.742380137,0.062595129
2,0,FALSE,Vermont,0.575773139,0.308979457,0.115247404
2,0,FALSE,Virginia,0.138828401,0.825679323,0.035492276
2,0,FALSE,Washington,0.291071429,0.644084533,0.064844038
2,0,FALSE,West Virginia,0.152902689,0.808351178,0.038746134
2,0,FALSE,Wisconsin,0.265550314,0.672604822,0.061844864
2,0,FALSE,Wyoming,0.151486698,0.792370892,0.05614241
3,0,FALSE,Alabama,0.095136364,0.868580808,0.036282828
3,0,FALSE,Alaska,0.063234954,0.914201389,0.022563657
3,0,FALSE,Arizona,0.199030904,0.747231154,0.053737942
3,0,FALSE,Arkansas,0.093269231,0.874781237,0.031949532
3,0,FALSE,California,0.606607003,0.252053991,0.141339006
3,0,FALSE,Colorado,0.113459801,0.845081301,0.041458898
3,0,FALSE,Connecticut,0.526282847,0.347108421,0.126608732
3,0,FALSE,Delaware,0.135846354,0.82671441,0.037439236
3,0,FALSE,Florida,0.112922352,0.846767381,0.040310266
3,0,FALSE,Georgia,0.123554587,0.838335756,0.038109658
3,0,FALSE,Hawaii,0.500674827,0.389380624,0.109944549
3,0,FALSE,Idaho,0.151832241,0.805618591,0.042549168
3,0,FALSE,Illinois,0.153711023,0.808915239,0.037373737
3,0,FALSE,Indiana,0.202175926,0.745303498,0.052520576
3,0,FALSE,Iowa,0.351217421,0.562117055,0.086665524
3,0,FALSE,Kansas,0.218026978,0.730429813,0.05154321
3,0,FALSE,Kentucky,0.115527466,0.849849147,0.034623387
3,0,FALSE,Louisiana,0.087171916,0.885411199,0.027416885
3,0,FALSE,Maine,0.794455108,0.056883131,0.148661762
3,0,FALSE,Maryland,0.361081768,0.564187207,0.074731025
3,0,FALSE,Massachusetts,0.416698054,0.491902072,0.091399874
3,0,FALSE,Michigan,0.626867125,0.233739977,0.139392898
3,0,FALSE,Minnesota,0.275787728,0.658794569,0.065417703
3,0,FALSE,Mississippi,0.097356285,0.867202917,0.035440798
3,0,FALSE,Missouri,0.123113981,0.833225707,0.043660312
3,0,FALSE,Montana,0.155317769,0.801205145,0.043477086
3,0,FALSE,Nebraska,0.168806147,0.79249409,0.038699764
3,0,FALSE,Nevada,0.188856749,0.762359963,0.048783287
3,0,FALSE,New Hampshire,0.345769011,0.58587288,0.068358109
3,0,FALSE,New Jersey,0.241913819,0.700483559,0.057602622
3,0,FALSE,New Mexico,0.146258919,0.816743119,0.036997961
3,0,FALSE,New York,0.601871102,0.291042966,0.107085932
3,0,FALSE,North Carolina,0.123807089,0.840904056,0.035288855
3,0,FALSE,North Dakota,0.189546263,0.752061091,0.058392645
3,0,FALSE,Ohio,0.141948785,0.821365017,0.036686198
3,0,FALSE,Oklahoma,0.105274471,0.862632275,0.032093254
3,0,FALSE,Oregon,0.728082929,0.111577814,0.160339257
3,0,FALSE,Pennsylvania,0.188623834,0.762367472,0.049008694
3,0,FALSE,Rhode Island,0.421802832,0.502848584,0.075348584
3,0,FALSE,South Carolina,0.071903389,0.904236548,0.023860063
3,0,FALSE,South Dakota,0.203148496,0.748694653,0.04815685
3,0,FALSE,Tennessee,0.08398308,0.893358626,0.022658294
3,0,FALSE,Texas,0.1570764,0.801221149,0.041702451
3,0,FALSE,Utah,0.189659437,0.750708714,0.059631849
3,0,FALSE,Vermont,0.574370444,0.310989618,0.114639938
3,0,FALSE,Virginia,0.134798995,0.828596687,0.036604318
3,0,FALSE,Washington,0.293032484,0.643420081,0.063547434
3,0,FALSE,West Virginia,0.146121818,0.81573281,0.038145372
3,0,FALSE,Wisconsin,0.262264151,0.678867925,0.058867925
3,0,FALSE,Wyoming,0.144136346,0.80139867,0.054464984
4,0,FALSE,Alabama,0.095621212,0.87069697,0.033681818
4,0,FALSE,Alaska,0.064178241,0.913234954,0.022586806
4,0,FALSE,Arizona,0.197704537,0.749285459,0.053010004
4,0,FALSE,Arkansas,0.090104803,0.879558405,0.030336793
4,0,FALSE,California,0.6145491,0.251692097,0.133758803
4,0,FALSE,Colorado,0.113148148,0.846626016,0.040225836
4,0,FALSE,Connecticut,0.535805918,0.340611421,0.123582661
4,0,FALSE,Delaware,0.136063368,0.827777778,0.036158854
4,0,FALSE,Florida,0.10737898,0.854024529,0.038596491
4,0,FALSE,Georgia,0.118330103,0.84438792,0.037281977
4,0,FALSE,Hawaii,0.502469136,0.38567692,0.111853944
4,0,FALSE,Idaho,0.15066818,0.808530846,0.040800975
4,0,FALSE,Illinois,0.153101669,0.809881423,0.037016908
4,0,FALSE,Indiana,0.19649177,0.753287037,0.050221193
4,0,FALSE,Iowa,0.346936443,0.571844993,0.081218564
4,0,FALSE,Kansas,0.211511203,0.738837449,0.049651349
4,0,FALSE,Kentucky,0.115428631,0.849968789,0.03460258
4,0,FALSE,Louisiana,0.085925197,0.887155512,0.026919291
4,0,FALSE,Maine,0.7993762,0.059954148,0.140669652
4,0,FALSE,Maryland,0.359864045,0.571126761,0.069009194
4,0,FALSE,Massachusetts,0.413575016,0.496165516,0.090259469
4,0,FALSE,Michigan,0.632560137,0.233218786,0.134221077
4,0,FALSE,Minnesota,0.27502073,0.662738391,0.062240879
4,0,FALSE,Mississippi,0.101190476,0.864339339,0.034470184
4,0,FALSE,Missouri,0.122924354,0.835526855,0.04154879
4,0,FALSE,Montana,0.149875703,0.810295071,0.039829226
4,0,FALSE,Nebraska,0.166471631,0.794716312,0.038812057
4,0,FALSE,Nevada,0.187226814,0.765867769,0.046905418
4,0,FALSE,New Hampshire,0.339170002,0.59527349,0.065556508
4,0,FALSE,New Jersey,0.23683645,0.705281539,0.057882012
4,0,FALSE,New Mexico,0.142711519,0.820682977,0.036605505
4,0,FALSE,New York,0.605861631,0.289853315,0.104285054
4,0,FALSE,North Carolina,0.122639741,0.844461486,0.032898773
4,0,FALSE,North Dakota,0.19048537,0.75268881,0.05682582
4,0,FALSE,Ohio,0.139545356,0.82360026,0.036854384
4,0,FALSE,Oklahoma,0.100914903,0.867096561,0.031988536
4,0,FALSE,Oregon,0.736263687,0.110886735,0.152849578
4,0,FALSE,Pennsylvania,0.184600297,0.766613656,0.048786047
4,0,FALSE,Rhode Island,0.415152505,0.508071895,0.076775599
4,0,FALSE,South Carolina,0.071374913,0.90610587,0.022519217
4,0,FALSE,South Dakota,0.19642335,0.756719925,0.046856725
4,0,FALSE,Tennessee,0.081244549,0.897257108,0.021498343
4,0,FALSE,Texas,0.155604759,0.805600286,0.038794954
4,0,FALSE,Utah,0.188655822,0.753262938,0.05808124
4,0,FALSE,Vermont,0.581533024,0.306179589,0.112287387
4,0,FALSE,Virginia,0.133114647,0.830034431,0.036850921
4,0,FALSE,Washington,0.289059616,0.651338132,0.059602252
4,0,FALSE,West Virginia,0.141024268,0.821556031,0.0374197
4,0,FALSE,Wisconsin,0.264287212,0.677033543,0.058679245
4,0,FALSE,Wyoming,0.138854656,0.809526604,0.05161874
5,0,FALSE,Alabama,0.091646465,0.875732323,0.032621212
5,0,FALSE,Alaska,0.063929398,0.913368056,0.022702546
5,0,FALSE,Arizona,0.196137013,0.75217935,0.051683637
5,0,FALSE,Arkansas,0.089728327,0.882107245,0.028164428
5,0,FALSE,California,0.618710876,0.246493545,0.134795579
5,0,FALSE,Colorado,0.109250226,0.853690154,0.037059621
5,0,FALSE,Connecticut,0.540487275,0.336695634,0.122817091
5,0,FALSE,Delaware,0.133350694,0.831032986,0.035616319
5,0,FALSE,Florida,0.106773879,0.855644899,0.037581222
5,0,FALSE,Georgia,0.114647933,0.849604328,0.035747739
5,0,FALSE,Hawaii,0.511498221,0.380001046,0.108500732
5,0,FALSE,Idaho,0.147243234,0.81318709,0.039569676
5,0,FALSE,Illinois,0.147397892,0.816600791,0.036001318
5,0,FALSE,Indiana,0.192124486,0.758919753,0.048955761
5,0,FALSE,Iowa,0.345679012,0.570530407,0.083790581
5,0,FALSE,Kansas,0.205612711,0.746679241,0.047708048
5,0,FALSE,Kentucky,0.112832917,0.854213483,0.0329536
5,0,FALSE,Louisiana,0.088987314,0.883273185,0.027739501
5,0,FALSE,Maine,0.801066325,0.059660909,0.139272766
5,0,FALSE,Maryland,0.355961463,0.577503912,0.066534624
5,0,FALSE,Massachusetts,0.412397991,0.500251099,0.08735091
5,0,FALSE,Michigan,0.639054983,0.228831615,0.132113402
5,0,FALSE,Minnesota,0.26894175,0.669812396,0.061245854
5,0,FALSE,Mississippi,0.093988631,0.874351137,0.031660232
5,0,FALSE,Missouri,0.12099221,0.838781263,0.040226527
5,0,FALSE,Montana,0.143650022,0.820784695,0.035565283
5,0,FALSE,Nebraska,0.160567376,0.799450355,0.03998227
5,0,FALSE,Nevada,0.182603306,0.769990817,0.047405877
5,0,FALSE,New Hampshire,0.33497713,0.601095864,0.063927006
5,0,FALSE,New Jersey,0.231393724,0.714001719,0.054604556
5,0,FALSE,New Mexico,0.135005097,0.82941896,0.035575943
5,0,FALSE,New York,0.61487064,0.285389235,0.099740125
5,0,FALSE,North Carolina,0.120731084,0.846404226,0.03286469
5,0,FALSE,North Dakota,0.187934955,0.755486358,0.056578687
5,0,FALSE,Ohio,0.131108941,0.832351345,0.036539714
5,0,FALSE,Oklahoma,0.097078924,0.872944224,0.029976852
5,0,FALSE,Oregon,0.739476755,0.111025848,0.149497397
5,0,FALSE,Pennsylvania,0.183147795,0.769094572,0.047757634
5,0,FALSE,Rhode Island,0.410141612,0.513965142,0.075893246
5,0,FALSE,South Carolina,0.070750349,0.907599581,0.02165007
5,0,FALSE,South Dakota,0.19552005,0.759032999,0.045446951
5,0,FALSE,Tennessee,0.078867957,0.900396825,0.020735217
5,0,FALSE,Texas,0.150577026,0.809889962,0.039533011
5,0,FALSE,Utah,0.187937595,0.756454528,0.055607877
5,0,FALSE,Vermont,0.58900486,0.302518224,0.108476916
5,0,FALSE,Virginia,0.131728085,0.831997953,0.036273962
5,0,FALSE,Washington,0.282904208,0.659126984,0.057968808
5,0,FALSE,West Virginia,0.137074709,0.826796336,0.036128956
5,0,FALSE,Wisconsin,0.258689727,0.684004193,0.05730608
5,0,FALSE,Wyoming,0.133387128,0.816676448,0.049936424
6,0,FALSE,Alabama,0.085409091,0.881550505,0.033040404
6,0,FALSE,Alaska,0.06119213,0.916585648,0.022222222
6,0,FALSE,Arizona,0.191488031,0.757690247,0.050821722
6,0,FALSE,Arkansas,0.090013228,0.881593407,0.028393366
6,0,FALSE,California,0.617693662,0.250024452,0.132281886
6,0,FALSE,Colorado,0.106481481,0.858685637,0.034832882
6,0,FALSE,Connecticut,0.542556383,0.333923029,0.123520588
6,0,FALSE,Delaware,0.133420139,0.831575521,0.03500434
6,0,FALSE,Florida,0.107854126,0.855681449,0.036464425
6,0,FALSE,Georgia,0.114680233,0.847977229,0.037342539
6,0,FALSE,Hawaii,0.509342959,0.380670642,0.109986399
6,0,FALSE,Idaho,0.145495041,0.816746512,0.037758447
6,0,FALSE,Illinois,0.142308959,0.823534256,0.034156785
6,0,FALSE,Indiana,0.185869342,0.765036008,0.04909465
6,0,FALSE,Iowa,0.339037494,0.578543667,0.082418839
6,0,FALSE,Kansas,0.20366941,0.751165981,0.045164609
6,0,FALSE,Kentucky,0.10684561,0.860174782,0.032979609
6,0,FALSE,Louisiana,0.085783027,0.885865048,0.028351925
6,0,FALSE,Maine,0.807885477,0.060370015,0.131744508
6,0,FALSE,Maryland,0.354362285,0.582042254,0.063595462
6,0,FALSE,Massachusetts,0.413198368,0.499424566,0.087377066
6,0,FALSE,Michigan,0.640761741,0.228591065,0.130647194
6,0,FALSE,Minnesota,0.267278192,0.673538557,0.05918325
6,0,FALSE,Mississippi,0.094240669,0.874394037,0.031365294
6,0,FALSE,Missouri,0.118762813,0.843434809,0.037802378
6,0,FALSE,Montana,0.141477518,0.824113705,0.034408776
6,0,FALSE,Nebraska,0.154503546,0.805395981,0.040100473
6,0,FALSE,Nevada,0.180146924,0.774035813,0.045817264
6,0,FALSE,New Hampshire,0.321393177,0.614513055,0.064093768
6,0,FALSE,New Jersey,0.230286912,0.716021921,0.053691167
6,0,FALSE,New Mexico,0.128440367,0.836167176,0.035392457
6,0,FALSE,New York,0.614980365,0.290534766,0.094484869
6,0,FALSE,North Carolina,0.116943592,0.851546524,0.031509884
6,0,FALSE,North Dakota,0.182409055,0.760374654,0.057216291
6,0,FALSE,Ohio,0.126681858,0.838026259,0.035291884
6,0,FALSE,Oklahoma,0.091947751,0.878747795,0.029304453
6,0,FALSE,Oregon,0.743838629,0.114315204,0.141846168
6,0,FALSE,Pennsylvania,0.18148855,0.774056404,0.044455047
6,0,FALSE,Rhode Island,0.405599129,0.518398693,0.076002179
6,0,FALSE,South Carolina,0.072955975,0.905070755,0.02197327
6,0,FALSE,South Dakota,0.188570384,0.767272348,0.044157268
6,0,FALSE,Tennessee,0.079112158,0.899882261,0.021005582
6,0,FALSE,Texas,0.144864913,0.816751655,0.038383432
6,0,FALSE,Utah,0.185564117,0.759227549,0.055208333
6,0,FALSE,Vermont,0.595907886,0.301789264,0.10230285
6,0,FALSE,Virginia,0.126502885,0.838935418,0.034561697
6,0,FALSE,Washington,0.280011074,0.663884275,0.056104651
6,0,FALSE,West Virginia,0.131328813,0.833142993,0.035528194
6,0,FALSE,Wisconsin,0.257127883,0.687861635,0.055010482
6,0,FALSE,Wyoming,0.129166667,0.820192684,0.050640649
7,0,FALSE,Alabama,0.086641414,0.880212121,0.033146465
7,0,FALSE,Alaska,0.062395833,0.915787037,0.02181713
7,0,FALSE,Arizona,0.184958914,0.764277421,0.050763666
7,0,FALSE,Arkansas,0.089652015,0.881954619,0.028393366
7,0,FALSE,California,0.625953638,0.252337637,0.121708725
7,0,FALSE,Colorado,0.104525745,0.861205962,0.034268293
7,0,FALSE,Connecticut,0.543953031,0.332981585,0.123065384
7,0,FALSE,Delaware,0.129335938,0.836271701,0.034392361
7,0,FALSE,Florida,0.104731157,0.860501949,0.034766894
7,0,FALSE,Georgia,0.112084141,0.852491118,0.035424742
7,0,FALSE,Hawaii,0.511048336,0.377155263,0.111796401
7,0,FALSE,Idaho,0.141536393,0.819335182,0.039128425
7,0,FALSE,Illinois,0.139942907,0.826207729,0.033849363
7,0,FALSE,Indiana,0.180493827,0.769074074,0.050432099
7,0,FALSE,Iowa,0.344673068,0.572570873,0.082756059
7,0,FALSE,Kansas,0.198176726,0.757361683,0.044461591
7,0,FALSE,Kentucky,0.10443196,0.863275073,0.032292967
7,0,FALSE,Louisiana,0.081977253,0.891267498,0.026755249
7,0,FALSE,Maine,0.809127746,0.063169119,0.127703135
7,0,FALSE,Maryland,0.353755869,0.582497066,0.063747066
7,0,FALSE,Massachusetts,0.416598661,0.493199414,0.090201925
7,0,FALSE,Michigan,0.641798396,0.229306987,0.128894616
7,0,FALSE,Minnesota,0.260670605,0.678109453,0.061219942
7,0,FALSE,Mississippi,0.09265873,0.876968039,0.03037323
7,0,FALSE,Missouri,0.118588561,0.842840303,0.038571136
7,0,FALSE,Montana,0.141423476,0.823919153,0.034657371
7,0,FALSE,Nebraska,0.147706856,0.814509456,0.037783688
7,0,FALSE,Nevada,0.173820018,0.781368228,0.044811754
7,0,FALSE,New Hampshire,0.315461216,0.622003049,0.062535735
7,0,FALSE,New Jersey,0.222453256,0.72397378,0.053572964
7,0,FALSE,New Mexico,0.12920999,0.83450051,0.036289501
7,0,FALSE,New York,0.61497459,0.296332871,0.088692539
7,0,FALSE,North Carolina,0.117599693,0.849804022,0.032596285
7,0,FALSE,North Dakota,0.181662713,0.762791617,0.05554567
7,0,FALSE,Ohio,0.12679579,0.838416884,0.034787326
7,0,FALSE,Oklahoma,0.093689374,0.876736111,0.029574515
7,0,FALSE,Oregon,0.749959612,0.11004308,0.139997307
7,0,FALSE,Pennsylvania,0.182092875,0.774263147,0.043643978
7,0,FALSE,Rhode Island,0.401721133,0.523404139,0.074874728
7,0,FALSE,South Carolina,0.067889588,0.911045597,0.021064815
7,0,FALSE,South Dakota,0.187865497,0.768551587,0.043582916
7,0,FALSE,Tennessee,0.078287982,0.899568289,0.022143729
7,0,FALSE,Texas,0.144547325,0.81671587,0.038736804
7,0,FALSE,Utah,0.176888318,0.767289764,0.055821918
7,0,FALSE,Vermont,0.59493594,0.305980782,0.099083278
7,0,FALSE,Virginia,0.12475805,0.840512749,0.034729202
7,0,FALSE,Washington,0.271885382,0.673408084,0.054706534
7,0,FALSE,West Virginia,0.129383773,0.835896978,0.034719248
7,0,FALSE,Wisconsin,0.251871069,0.693092243,0.055036688
7,0,FALSE,Wyoming,0.125924296,0.82413439,0.049941315
8,0,FALSE,Alabama,0.083929293,0.883919192,0.032151515
8,0,FALSE,Alaska,0.060179398,0.91890625,0.020914352
8,0,FALSE,Arizona,0.1831413,0.768086817,0.048771883
8,0,FALSE,Arkansas,0.087347375,0.883872609,0.028780016
8,0,FALSE,California,0.633313772,0.249877739,0.11680849
8,0,FALSE,Colorado,0.103437218,0.864494128,0.032068654
8,0,FALSE,Connecticut,0.554262363,0.32925719,0.116480447
8,0,FALSE,Delaware,0.126375868,0.841189236,0.032434896
8,0,FALSE,Florida,0.104186972,0.859665367,0.036147661
8,0,FALSE,Georgia,0.109673773,0.85310885,0.037217377
8,0,FALSE,Hawaii,0.518173258,0.372353003,0.109473739
8,0,FALSE,Idaho,0.136766683,0.824537737,0.038695579
8,0,FALSE,Illinois,0.137033377,0.829808959,0.033157664
8,0,FALSE,Indiana,0.175529835,0.773595679,0.050874486
8,0,FALSE,Iowa,0.344444444,0.574965706,0.080589849
8,0,FALSE,Kansas,0.194067215,0.763163009,0.042769776
8,0,FALSE,Kentucky,0.103048273,0.86607886,0.030872867
8,0,FALSE,Louisiana,0.083639545,0.887970254,0.028390201
8,0,FALSE,Maine,0.812401365,0.065045852,0.122552783
8,0,FALSE,Maryland,0.352083333,0.586605047,0.06131162
8,0,FALSE,Massachusetts,0.409243566,0.501407198,0.089349236
8,0,FALSE,Michigan,0.65161512,0.22489118,0.1234937
8,0,FALSE,Minnesota,0.256877073,0.682980929,0.060141998
8,0,FALSE,Mississippi,0.087172887,0.883134921,0.029692192
8,0,FALSE,Missouri,0.112310373,0.852024395,0.035665232
8,0,FALSE,Montana,0.134495244,0.829907047,0.035597709
8,0,FALSE,Nebraska,0.145756501,0.817588652,0.036654846
8,0,FALSE,Nevada,0.16795225,0.787194674,0.044853076
8,0,FALSE,New Hampshire,0.309028969,0.629616924,0.061354107
8,0,FALSE,New Jersey,0.216328175,0.729604556,0.054067268
8,0,FALSE,New Mexico,0.12098369,0.843695209,0.035321101
8,0,FALSE,New York,0.624532225,0.289114114,0.086353661
8,0,FALSE,North Carolina,0.109458078,0.858571915,0.031970007
8,0,FALSE,North Dakota,0.180595097,0.765416172,0.053988731
8,0,FALSE,Ohio,0.124061415,0.839903429,0.036035156
8,0,FALSE,Oklahoma,0.090817901,0.879662698,0.0295194
8,0,FALSE,Oregon,0.75862951,0.110725184,0.130645306
8,0,FALSE,Pennsylvania,0.178567642,0.778853902,0.042578456
8,0,FALSE,Rhode Island,0.398240741,0.526879085,0.074880174
8,0,FALSE,South Carolina,0.069068833,0.908936059,0.021995108
8,0,FALSE,South Dakota,0.186847327,0.77307853,0.040074144
8,0,FALSE,Tennessee,0.073081284,0.905559916,0.0213588
8,0,FALSE,Texas,0.139000716,0.823845947,0.037153337
8,0,FALSE,Utah,0.174952435,0.771523021,0.053524543
8,0,FALSE,Vermont,0.597393417,0.306439143,0.09616744
8,0,FALSE,Virginia,0.117648427,0.84770147,0.034650102
8,0,FALSE,Washington,0.265817645,0.676937984,0.057244371
8,0,FALSE,West Virginia,0.128277421,0.836027837,0.035694742
8,0,FALSE,Wisconsin,0.249009434,0.695812369,0.055178197
8,0,FALSE,Wyoming,0.121234351,0.828413537,0.050352113
9,0,FALSE,Alabama,0.085060606,0.882984848,0.031954545
9,0,FALSE,Alaska,0.06244213,0.914959491,0.02259838
9,0,FALSE,Arizona,0.178362808,0.774580207,0.047056985
9,0,FALSE,Arkansas,0.085897436,0.887647538,0.026455026
9,0,FALSE,California,0.633548513,0.252034429,0.114417058
9,0,FALSE,Colorado,0.0983785,0.86995935,0.03166215
9,0,FALSE,Connecticut,0.553114008,0.331372853,0.115513139
9,0,FALSE,Delaware,0.127361111,0.840421007,0.032217882
9,0,FALSE,Florida,0.101815302,0.86366553,0.034519168
9,0,FALSE,Georgia,0.106706234,0.858329296,0.03496447
9,0,FALSE,Hawaii,0.5228552,0.367226407,0.109918393
9,0,FALSE,Idaho,0.132892083,0.829420911,0.037687006
9,0,FALSE,Illinois,0.136577734,0.830599473,0.032822793
9,0,FALSE,Indiana,0.169264403,0.78005144,0.050684156
9,0,FALSE,Iowa,0.346056241,0.576023091,0.077920668
9,0,FALSE,Kansas,0.190912209,0.767283951,0.041803841
9,0,FALSE,Kentucky,0.101862256,0.869688931,0.028448814
9,0,FALSE,Louisiana,0.088090551,0.88105315,0.030856299
9,0,FALSE,Maine,0.813718277,0.067743655,0.118538068
9,0,FALSE,Maryland,0.346826095,0.593823357,0.059350548
9,0,FALSE,Massachusetts,0.407841599,0.501569366,0.090589035
9,0,FALSE,Michigan,0.652961054,0.226271478,0.120767468
9,0,FALSE,Minnesota,0.249911899,0.690438433,0.059649668
9,0,FALSE,Mississippi,0.085864436,0.885971686,0.028163878
9,0,FALSE,Missouri,0.107231447,0.859301968,0.033466585
9,0,FALSE,Montana,0.130231301,0.836878513,0.032890186
9,0,FALSE,Nebraska,0.142972813,0.819692671,0.037334515
9,0,FALSE,Nevada,0.170321396,0.784632691,0.045045914
9,0,FALSE,New Hampshire,0.304116638,0.633914618,0.061968744
9,0,FALSE,New Jersey,0.213174296,0.733064689,0.053761014
9,0,FALSE,New Mexico,0.119576962,0.846651376,0.033771662
9,0,FALSE,New York,0.623677524,0.291302841,0.085019635
9,0,FALSE,North Carolina,0.109134288,0.861157975,0.029707737
9,0,FALSE,North Dakota,0.179641163,0.765584223,0.054774614
9,0,FALSE,Ohio,0.120979818,0.843321398,0.035698785
9,0,FALSE,Oklahoma,0.092069004,0.878058862,0.029872134
9,0,FALSE,Oregon,0.76321576,0.107956381,0.128827859
9,0,FALSE,Pennsylvania,0.175508906,0.78326972,0.041221374
9,0,FALSE,Rhode Island,0.392363834,0.534063181,0.073572985
9,0,FALSE,South Carolina,0.066701607,0.911373166,0.021925227
9,0,FALSE,South Dakota,0.185254804,0.773705096,0.0410401
9,0,FALSE,Tennessee,0.073456306,0.903728414,0.02281528
9,0,FALSE,Texas,0.14006978,0.825599392,0.034330828
9,0,FALSE,Utah,0.172041476,0.774391172,0.053567352
9,0,FALSE,Vermont,0.602010161,0.301590457,0.096399381
9,0,FALSE,Virginia,0.11691327,0.846594082,0.036492648
9,0,FALSE,Washington,0.262075489,0.682055186,0.055869324
9,0,FALSE,West Virginia,0.123887699,0.840179634,0.035932667
9,0,FALSE,Wisconsin,0.245702306,0.698050314,0.056247379
9,0,FALSE,Wyoming,0.12068662,0.829582355,0.049731025
10,0,FALSE,Alabama,0.086540404,0.882106061,0.031353535
10,0,FALSE,Alaska,0.060185185,0.919021991,0.020792824
10,0,FALSE,Arizona,0.175866381,0.777317792,0.046815827
10,0,FALSE,Arkansas,0.085622711,0.8877035,0.026673789
10,0,FALSE,California,0.637964593,0.249334898,0.112700509
10,0,FALSE,Colorado,0.100560072,0.866946703,0.032493225
10,0,FALSE,Connecticut,0.556000414,0.328869232,0.115130354
10,0,FALSE,Delaware,0.124166667,0.843680556,0.032152778
10,0,FALSE,Florida,0.105275341,0.860684698,0.034039961
10,0,FALSE,Georgia,0.108797642,0.857990149,0.033212209
10,0,FALSE,Hawaii,0.531031597,0.358160703,0.1108077
10,0,FALSE,Idaho,0.129206589,0.833140024,0.037653387
10,0,FALSE,Illinois,0.133196091,0.832828283,0.033975626
10,0,FALSE,Indiana,0.167890947,0.780401235,0.051707819
10,0,FALSE,Iowa,0.348273891,0.575177183,0.076548925
10,0,FALSE,Kansas,0.187620027,0.770981939,0.041398034
10,0,FALSE,Kentucky,0.102626925,0.870011444,0.027361631
10,0,FALSE,Louisiana,0.082370954,0.889709099,0.027919948
10,0,FALSE,Maine,0.817716997,0.066682662,0.115600341
10,0,FALSE,Maryland,0.347579225,0.596087637,0.056333138
10,0,FALSE,Massachusetts,0.406010672,0.504640092,0.089349236
10,0,FALSE,Michigan,0.659564719,0.223556701,0.11687858
10,0,FALSE,Minnesota,0.249450663,0.69197243,0.058576907
10,0,FALSE,Mississippi,0.086969112,0.883944659,0.029086229
10,0,FALSE,Missouri,0.104433169,0.861777368,0.033789463
10,0,FALSE,Montana,0.129966494,0.835413965,0.034619542
10,0,FALSE,Nebraska,0.141146572,0.82179669,0.037056738
10,0,FALSE,Nevada,0.167823691,0.786212121,0.045964187
10,0,FALSE,New Hampshire,0.298708786,0.637083095,0.064208119
10,0,FALSE,New Jersey,0.206597894,0.740108532,0.053293574
10,0,FALSE,New Mexico,0.116997961,0.8490316,0.033970438
10,0,FALSE,New York,0.626085701,0.288322938,0.085591361
10,0,FALSE,North Carolina,0.10635651,0.864404397,0.029239093
10,0,FALSE,North Dakota,0.17618624,0.769345591,0.054468169
10,0,FALSE,Ohio,0.118511285,0.844992405,0.036496311
10,0,FALSE,Oklahoma,0.090145503,0.882170414,0.027684083
10,0,FALSE,Oregon,0.766653204,0.107830731,0.125516065
10,0,FALSE,Pennsylvania,0.174337362,0.780693384,0.044969254
10,0,FALSE,Rhode Island,0.393910675,0.53083878,0.075250545
10,0,FALSE,South Carolina,0.064871593,0.913945667,0.021182739
10,0,FALSE,South Dakota,0.176383668,0.781631161,0.041985171
10,0,FALSE,Tennessee,0.069300541,0.908900227,0.021799233
10,0,FALSE,Texas,0.134134013,0.829889068,0.035976919
10,0,FALSE,Utah,0.16844083,0.777920472,0.053638699
10,0,FALSE,Vermont,0.603324497,0.304622266,0.092053236
10,0,FALSE,Virginia,0.112525591,0.850553694,0.036920715
10,0,FALSE,Washington,0.258983942,0.685885013,0.055131045
10,0,FALSE,West Virginia,0.118266714,0.845961218,0.035772068
10,0,FALSE,Wisconsin,0.23807652,0.703422432,0.058501048
10,0,FALSE,Wyoming,0.117718114,0.834106025,0.048175861
11,0,FALSE,Alabama,0.081671717,0.887146465,0.031181818
11,0,FALSE,Alaska,0.061047454,0.917876157,0.021076389
11,0,FALSE,Arizona,0.172575027,0.780613612,0.046811361
11,0,FALSE,Arkansas,0.07995523,0.893666056,0.026378714
11,0,FALSE,California,0.63772007,0.247437402,0.114842527
11,0,FALSE,Colorado,0.102330623,0.866747967,0.030921409
11,0,FALSE,Connecticut,0.558535071,0.327420857,0.114044072
11,0,FALSE,Delaware,0.118489583,0.849466146,0.032044271
11,0,FALSE,Florida,0.101591943,0.863499025,0.034909032
11,0,FALSE,Georgia,0.105918928,0.861446221,0.032634851
11,0,FALSE,Hawaii,0.542618749,0.348362628,0.109018623
11,0,FALSE,Idaho,0.127424777,0.835287443,0.037287779
11,0,FALSE,Illinois,0.131763285,0.832795345,0.03544137
11,0,FALSE,Indiana,0.163359053,0.786188272,0.050452675
11,0,FALSE,Iowa,0.348908322,0.574331276,0.076760402
11,0,FALSE,Kansas,0.182801783,0.776074531,0.041123685
11,0,FALSE,Kentucky,0.099927174,0.872206617,0.027866209
11,0,FALSE,Louisiana,0.083623141,0.88730315,0.02907371
11,0,FALSE,Maine,0.820126893,0.065930902,0.113942205
11,0,FALSE,Maryland,0.346469092,0.597324922,0.056205986
11,0,FALSE,Massachusetts,0.409730069,0.506392551,0.08387738
11,0,FALSE,Michigan,0.66524055,0.22126575,0.1134937
11,0,FALSE,Minnesota,0.233126036,0.706731965,0.060141998
11,0,FALSE,Mississippi,0.082904333,0.888213213,0.028882454
11,0,FALSE,Missouri,0.104412669,0.863248257,0.032339073
11,0,FALSE,Montana,0.12528102,0.841742326,0.032976654
11,0,FALSE,Nebraska,0.136235225,0.82608747,0.037677305
11,0,FALSE,Nevada,0.162589532,0.79305326,0.044357208
11,0,FALSE,New Hampshire,0.293167524,0.642757766,0.064074709
11,0,FALSE,New Jersey,0.207538147,0.740436278,0.052025575
11,0,FALSE,New Mexico,0.113634047,0.854082569,0.032283384
11,0,FALSE,New York,0.622112497,0.290528991,0.087358512
11,0,FALSE,North Carolina,0.107728357,0.862781186,0.029490457
11,0,FALSE,North Dakota,0.171638988,0.774767695,0.053593318
11,0,FALSE,Ohio,0.113476563,0.849235026,0.037288411
11,0,FALSE,Oklahoma,0.08930776,0.881983025,0.028709215
11,0,FALSE,Oregon,0.771728595,0.107373003,0.120898402
11,0,FALSE,Pennsylvania,0.167673876,0.788353478,0.043972646
11,0,FALSE,Rhode Island,0.387652505,0.539460784,0.07288671
11,0,FALSE,South Carolina,0.066657932,0.91048218,0.022859888
11,0,FALSE,South Dakota,0.175062657,0.785897034,0.039040309
11,0,FALSE,Tennessee,0.069270016,0.909663353,0.021066632
11,0,FALSE,Texas,0.132331365,0.832859188,0.034809447
11,0,FALSE,Utah,0.161291857,0.784769787,0.053938356
11,0,FALSE,Vermont,0.606118843,0.300463883,0.093417274
11,0,FALSE,Virginia,0.110608599,0.853229109,0.036162293
11,0,FALSE,Washington,0.24984773,0.695002769,0.055149502
11,0,FALSE,West Virginia,0.118867476,0.84630621,0.034826315
11,0,FALSE,Wisconsin,0.236519916,0.707667715,0.055812369
11,0,FALSE,Wyoming,0.114588224,0.836086659,0.049325117
12,0,FALSE,Alabama,0.083737374,0.884681818,0.031580808
12,0,FALSE,Alaska,0.060480324,0.916394676,0.023125
12,0,FALSE,Arizona,0.170409075,0.782578599,0.047012326
12,0,FALSE,Arkansas,0.082682133,0.890074278,0.02724359
12,0,FALSE,California,0.640625,0.244258607,0.115116393
12,0,FALSE,Colorado,0.098134598,0.872484192,0.02938121
12,0,FALSE,Connecticut,0.564835506,0.322817091,0.112347403
12,0,FALSE,Delaware,0.113988715,0.852803819,0.033207465
12,0,FALSE,Florida,0.099350227,0.866049383,0.03460039
12,0,FALSE,Georgia,0.104118217,0.864288598,0.031593185
12,0,FALSE,Hawaii,0.545726093,0.345940573,0.108333333
12,0,FALSE,Idaho,0.122739116,0.840943856,0.036317028
12,0,FALSE,Illinois,0.133931708,0.830758674,0.035309618
12,0,FALSE,Indiana,0.159768519,0.792263374,0.047968107
12,0,FALSE,Iowa,0.347050754,0.575771605,0.077177641
12,0,FALSE,Kansas,0.184739369,0.773108139,0.042152492
12,0,FALSE,Kentucky,0.098215772,0.873335414,0.028448814
12,0,FALSE,Louisiana,0.084689414,0.886269685,0.029040901
12,0,FALSE,Maine,0.821273193,0.069535082,0.109191725
12,0,FALSE,Maryland,0.339876761,0.603110329,0.057012911
12,0,FALSE,Massachusetts,0.411513915,0.503996652,0.084489433
12,0,FALSE,Michigan,0.666569301,0.218923253,0.114507446
12,0,FALSE,Minnesota,0.230819859,0.709411277,0.059768864
12,0,FALSE,Mississippi,0.085076148,0.885660661,0.029263192
12,0,FALSE,Missouri,0.101588766,0.865600656,0.032810578
12,0,FALSE,Montana,0.122681582,0.842655642,0.034662776
12,0,FALSE,Nebraska,0.131513002,0.829858156,0.038628842
12,0,FALSE,Nevada,0.163576676,0.791749311,0.044674013
12,0,FALSE,New Hampshire,0.288779302,0.649799886,0.061420812
12,0,FALSE,New Jersey,0.201837524,0.745513647,0.052648829
12,0,FALSE,New Mexico,0.115728848,0.849770642,0.03450051
12,0,FALSE,New York,0.624047124,0.289119889,0.086832987
12,0,FALSE,North Carolina,0.10527863,0.866291752,0.028429618
12,0,FALSE,North Dakota,0.168534994,0.779161724,0.052303282
12,0,FALSE,Ohio,0.109906684,0.857541233,0.032552083
12,0,FALSE,Oklahoma,0.087042549,0.884959215,0.027998236
12,0,FALSE,Oregon,0.777966254,0.106807575,0.115226171
12,0,FALSE,Pennsylvania,0.170175997,0.785925573,0.043898431
12,0,FALSE,Rhode Island,0.384515251,0.542194989,0.07328976
12,0,FALSE,South Carolina,0.064364955,0.913565688,0.022069357
12,0,FALSE,South Dakota,0.170540936,0.791306391,0.038152673
12,0,FALSE,Tennessee,0.069679923,0.909196756,0.021123321
12,0,FALSE,Texas,0.128166935,0.839452496,0.032380569
12,0,FALSE,Utah,0.156849315,0.788284817,0.054865868
12,0,FALSE,Vermont,0.612657389,0.297001325,0.090341286
12,0,FALSE,Virginia,0.113046715,0.849888331,0.037064954
12,0,FALSE,Washington,0.247199151,0.698306571,0.054494278
12,0,FALSE,West Virginia,0.113841304,0.851903402,0.034255294
12,0,FALSE,Wisconsin,0.232353249,0.715938155,0.051708595
12,0,FALSE,Wyoming,0.111673513,0.84095266,0.047373826
13,0,FALSE,Alabama,0.080510101,0.889671717,0.029818182
13,0,FALSE,Alaska,0.059872685,0.917644676,0.022482639
13,0,FALSE,Arizona,0.165934262,0.786946231,0.047119507
13,0,FALSE,Arkansas,0.078952991,0.895853683,0.025193325
13,0,FALSE,California,0.640057707,0.247139085,0.112803208
13,0,FALSE,Colorado,0.098572719,0.873590786,0.027836495
13,0,FALSE,Connecticut,0.566801159,0.320447962,0.112750879
13,0,FALSE,Delaware,0.11562934,0.851462674,0.032907986
13,0,FALSE,Florida,0.098517706,0.867166179,0.034316114
13,0,FALSE,Georgia,0.101150678,0.867571059,0.031278262
13,0,FALSE,Hawaii,0.552584223,0.340311781,0.107103997
13,0,FALSE,Idaho,0.118675408,0.845171457,0.036153135
13,0,FALSE,Illinois,0.128447519,0.83681379,0.034738691
13,0,FALSE,Indiana,0.159238683,0.794742798,0.046018519
13,0,FALSE,Iowa,0.345913352,0.578069273,0.076017375
13,0,FALSE,Kansas,0.181578647,0.777914952,0.040506401
13,0,FALSE,Kentucky,0.096681232,0.877002705,0.026316063
13,0,FALSE,Louisiana,0.080818023,0.889916885,0.029265092
13,0,FALSE,Maine,0.825282576,0.067311794,0.10740563
13,0,FALSE,Maryland,0.34192097,0.599594092,0.058484937
13,0,FALSE,Massachusetts,0.411629002,0.502547604,0.085823394
13,0,FALSE,Michigan,0.666134021,0.224215349,0.10965063
13,0,FALSE,Minnesota,0.225378317,0.716723673,0.05789801
13,0,FALSE,Mississippi,0.084979622,0.885708923,0.029311454
13,0,FALSE,Missouri,0.098267733,0.868721812,0.033010455
13,0,FALSE,Montana,0.116374838,0.850988975,0.032636187
13,0,FALSE,Nebraska,0.127062648,0.836323877,0.036613475
13,0,FALSE,Nevada,0.16207989,0.79174472,0.04617539
13,0,FALSE,New Hampshire,0.280808081,0.656360778,0.062831142
13,0,FALSE,New Jersey,0.200005373,0.748205459,0.051789168
13,0,FALSE,New Mexico,0.10912844,0.858134557,0.032737003
13,0,FALSE,New York,0.627968353,0.284730885,0.087300762
13,0,FALSE,North Carolina,0.104639571,0.867493183,0.027867246
13,0,FALSE,North Dakota,0.168406485,0.780268881,0.051324634
13,0,FALSE,Ohio,0.112451172,0.855750868,0.03179796
13,0,FALSE,Oklahoma,0.084490741,0.888690476,0.026818783
13,0,FALSE,Oregon,0.778011129,0.108616047,0.113372824
13,0,FALSE,Pennsylvania,0.163899491,0.793272901,0.042827608
13,0,FALSE,Rhode Island,0.378877996,0.549003268,0.072118736
13,0,FALSE,South Carolina,0.065627184,0.911661426,0.022711391
13,0,FALSE,South Dakota,0.167773601,0.792857143,0.039369256
13,0,FALSE,Tennessee,0.071768707,0.906096285,0.022135008
13,0,FALSE,Texas,0.127764359,0.84178744,0.030448202
13,0,FALSE,Utah,0.148886986,0.798121195,0.052991819
13,0,FALSE,Vermont,0.61434725,0.296366247,0.089286503
13,0,FALSE,Virginia,0.110496929,0.854396985,0.035106086
13,0,FALSE,Washington,0.247517534,0.696414729,0.056067737
13,0,FALSE,West Virginia,0.112972877,0.851820128,0.035206995
13,0,FALSE,Wisconsin,0.232028302,0.716572327,0.051399371
13,0,FALSE,Wyoming,0.111414319,0.84127054,0.047315141
14,0,FALSE,Alabama,0.080020202,0.891126263,0.028853535
14,0,FALSE,Alaska,0.062563657,0.914508102,0.022928241
14,0,FALSE,Arizona,0.160686852,0.793698642,0.045614505
14,0,FALSE,Arkansas,0.077889703,0.89704416,0.025066138
14,0,FALSE,California,0.648136737,0.239607786,0.112255477
14,0,FALSE,Colorado,0.09700542,0.876038844,0.026955736
14,0,FALSE,Connecticut,0.570484171,0.315156218,0.114359611
14,0,FALSE,Delaware,0.113519965,0.854197049,0.032282986
14,0,FALSE,Florida,0.09875731,0.865821962,0.035420728
14,0,FALSE,Georgia,0.101037629,0.868370478,0.030591893
14,0,FALSE,Hawaii,0.553096882,0.33863779,0.108265327
14,0,FALSE,Idaho,0.114956295,0.849634392,0.035409312
14,0,FALSE,Illinois,0.126279095,0.837231006,0.036489899
14,0,FALSE,Indiana,0.157011317,0.797644033,0.04534465
14,0,FALSE,Iowa,0.34739369,0.575714449,0.076891861
14,0,FALSE,Kansas,0.173279607,0.786225423,0.04049497
14,0,FALSE,Kentucky,0.097601956,0.875983146,0.026414898
14,0,FALSE,Louisiana,0.08274825,0.88713364,0.03011811
14,0,FALSE,Maine,0.820580081,0.070409469,0.10901045
14,0,FALSE,Maryland,0.336027973,0.60647007,0.057501956
14,0,FALSE,Massachusetts,0.414982214,0.502338355,0.082679431
14,0,FALSE,Michigan,0.666912944,0.226099656,0.1069874
14,0,FALSE,Minnesota,0.218516791,0.720620854,0.060862355
14,0,FALSE,Mississippi,0.086320249,0.883853496,0.029826255
14,0,FALSE,Missouri,0.099589996,0.86703567,0.033374334
14,0,FALSE,Montana,0.115585819,0.851324038,0.033090143
14,0,FALSE,Nebraska,0.126111111,0.836873522,0.037015366
14,0,FALSE,Nevada,0.159926538,0.796042241,0.044031221
14,0,FALSE,New Hampshire,0.276000572,0.661001525,0.062997904
14,0,FALSE,New Jersey,0.198065764,0.752261982,0.049672254
14,0,FALSE,New Mexico,0.108883792,0.858134557,0.032981651
14,0,FALSE,New York,0.630532456,0.281958882,0.087508663
14,0,FALSE,North Carolina,0.103118609,0.869158998,0.027722393
14,0,FALSE,North Dakota,0.164684658,0.783110913,0.052204429
14,0,FALSE,Ohio,0.111046007,0.857921007,0.031032986
14,0,FALSE,Oklahoma,0.084689153,0.887433862,0.027876984
14,0,FALSE,Oregon,0.779195836,0.109163525,0.111640639
14,0,FALSE,Pennsylvania,0.160925573,0.796983673,0.042090755
14,0,FALSE,Rhode Island,0.377107843,0.554689542,0.068202614
14,0,FALSE,South Carolina,0.063984976,0.913945667,0.022069357
14,0,FALSE,South Dakota,0.164907059,0.798652882,0.036440058
14,0,FALSE,Tennessee,0.066727717,0.91274202,0.020530263
14,0,FALSE,Texas,0.125612811,0.844632313,0.029754876
14,0,FALSE,Utah,0.148620624,0.79847793,0.052901446
14,0,FALSE,Vermont,0.613066048,0.294289817,0.092644135
14,0,FALSE,Virginia,0.108412433,0.856979341,0.034608226
14,0,FALSE,Washington,0.242755629,0.702883906,0.054360465
14,0,FALSE,West Virginia,0.111824887,0.850630502,0.037544611
14,0,FALSE,Wisconsin,0.229250524,0.722148847,0.048600629
14,0,FALSE,Wyoming,0.108685446,0.843681534,0.04763302
15,0,FALSE,Alabama,0.080848485,0.889484848,0.029666667
15,0,FALSE,Alaska,0.061354167,0.91703125,0.021614583
15,0,FALSE,Arizona,0.158855841,0.793761165,0.047382994
15,0,FALSE,Arkansas,0.079421042,0.895512821,0.025066138
15,0,FALSE,California,0.65064554,0.237901017,0.111453443
15,0,FALSE,Colorado,0.097407407,0.876729901,0.025862692
15,0,FALSE,Connecticut,0.578057107,0.309398924,0.112543969
15,0,FALSE,Delaware,0.110802951,0.855828993,0.033368056
15,0,FALSE,Florida,0.094517544,0.87040692,0.035075536
15,0,FALSE,Georgia,0.101711886,0.867950581,0.030337532
15,0,FALSE,Hawaii,0.557752668,0.332731743,0.109515589
15,0,FALSE,Idaho,0.116817953,0.846074971,0.037107077
15,0,FALSE,Illinois,0.122041063,0.843599034,0.034359903
15,0,FALSE,Indiana,0.155534979,0.798631687,0.045833333
15,0,FALSE,Iowa,0.3472508,0.578715135,0.074034065
15,0,FALSE,Kansas,0.173399634,0.785539552,0.041060814
15,0,FALSE,Kentucky,0.097315855,0.875733458,0.026950687
15,0,FALSE,Louisiana,0.080872703,0.890840989,0.028286308
15,0,FALSE,Maine,0.823789721,0.069556409,0.106653871
15,0,FALSE,Maryland,0.337636933,0.604127543,0.058235524
15,0,FALSE,Massachusetts,0.416975309,0.499952919,0.083071772
15,0,FALSE,Michigan,0.673476518,0.225085911,0.101437572
15,0,FALSE,Minnesota,0.209452736,0.731006426,0.059540837
15,0,FALSE,Mississippi,0.081595882,0.890524453,0.027879665
15,0,FALSE,Missouri,0.099349118,0.87001845,0.030632431
15,0,FALSE,Montana,0.109797882,0.857900994,0.032301124
15,0,FALSE,Nebraska,0.118888889,0.846377069,0.034734043
15,0,FALSE,Nevada,0.155541781,0.802309458,0.04214876
15,0,FALSE,New Hampshire,0.274028016,0.663326663,0.062645321
15,0,FALSE,New Jersey,0.197845476,0.751842897,0.050311627
15,0,FALSE,New Mexico,0.110066259,0.85549949,0.034434251
15,0,FALSE,New York,0.633910834,0.280942481,0.085146685
15,0,FALSE,North Carolina,0.098615372,0.873956203,0.027428425
15,0,FALSE,North Dakota,0.164140965,0.786224792,0.049634243
15,0,FALSE,Ohio,0.10696072,0.862120226,0.030919054
15,0,FALSE,Oklahoma,0.087604718,0.884347443,0.02804784
15,0,FALSE,Oregon,0.783378209,0.109845629,0.106776162
15,0,FALSE,Pennsylvania,0.160421968,0.798505089,0.041072943
15,0,FALSE,Rhode Island,0.372091503,0.559738562,0.068169935
15,0,FALSE,South Carolina,0.065063767,0.912325297,0.022610936
15,0,FALSE,South Dakota,0.168880535,0.791776316,0.03934315
15,0,FALSE,Tennessee,0.067787371,0.910879993,0.021332636
15,0,FALSE,Texas,0.126556629,0.843531938,0.029911433
15,0,FALSE,Utah,0.145224505,0.801855023,0.052920472
15,0,FALSE,Vermont,0.621576099,0.286972609,0.091451292
15,0,FALSE,Virginia,0.106537316,0.859999069,0.033463614
15,0,FALSE,Washington,0.24210502,0.70300849,0.054886489
15,0,FALSE,West Virginia,0.107298358,0.860647157,0.032054485
15,0,FALSE,Wisconsin,0.22552935,0.72543501,0.049035639
15,0,FALSE,Wyoming,0.107780712,0.844982394,0.047236894
16,0,FALSE,Alabama,0.079030303,0.893570707,0.02739899
16,0,FALSE,Alaska,0.061417824,0.915572917,0.023009259
16,0,FALSE,Arizona,0.156564845,0.7979189,0.045516256
16,0,FALSE,Arkansas,0.079019129,0.89492267,0.026058201
16,0,FALSE,California,0.64988752,0.240859742,0.109252739
16,0,FALSE,Colorado,0.095971093,0.877276423,0.026752484
16,0,FALSE,Connecticut,0.583416098,0.306103869,0.110480033
16,0,FALSE,Delaware,0.110138889,0.856102431,0.033758681
16,0,FALSE,Florida,0.096113548,0.869749025,0.034137427
16,0,FALSE,Georgia,0.098946221,0.871503553,0.029550226
16,0,FALSE,Hawaii,0.557972379,0.332098765,0.109928855
16,0,FALSE,Idaho,0.113531686,0.84897882,0.037489494
16,0,FALSE,Illinois,0.121195652,0.842726175,0.036078173
16,0,FALSE,Indiana,0.151260288,0.802098765,0.046640947
16,0,FALSE,Iowa,0.346816415,0.58102995,0.072153635
16,0,FALSE,Kansas,0.17065615,0.789500457,0.039843393
16,0,FALSE,Kentucky,0.096275489,0.878095089,0.025629422
16,0,FALSE,Louisiana,0.08088364,0.890463692,0.028652668
16,0,FALSE,Maine,0.821182555,0.071321177,0.107496268
16,0,FALSE,Maryland,0.332355243,0.611541471,0.056103286
16,0,FALSE,Massachusetts,0.415029295,0.50308642,0.081884285
16,0,FALSE,Michigan,0.676202749,0.224421535,0.099375716
16,0,FALSE,Minnesota,0.207524876,0.733338516,0.059136609
16,0,FALSE,Mississippi,0.081665594,0.891403904,0.026930502
16,0,FALSE,Missouri,0.099912874,0.870013325,0.030073801
16,0,FALSE,Montana,0.111051665,0.856814743,0.032133593
16,0,FALSE,Nebraska,0.115815603,0.849148936,0.035035461
16,0,FALSE,Nevada,0.157235996,0.799917355,0.042846648
16,0,FALSE,New Hampshire,0.26751477,0.669325329,0.063159901
16,0,FALSE,New Jersey,0.189802278,0.758489147,0.051708575
16,0,FALSE,New Mexico,0.105448522,0.86158002,0.032971458
16,0,FALSE,New York,0.626155001,0.284684685,0.089160314
16,0,FALSE,North Carolina,0.100681663,0.871165644,0.028152693
16,0,FALSE,North Dakota,0.160839265,0.79013444,0.049026295
16,0,FALSE,Ohio,0.105929905,0.862315538,0.031754557
16,0,FALSE,Oklahoma,0.085973325,0.887626764,0.026399912
16,0,FALSE,Oregon,0.789203016,0.110173218,0.100623766
16,0,FALSE,Pennsylvania,0.153170059,0.805566158,0.041263783
16,0,FALSE,Rhode Island,0.370686275,0.563453159,0.065860566
16,0,FALSE,South Carolina,0.06307652,0.914775507,0.022147973
16,0,FALSE,South Dakota,0.164358814,0.797039474,0.038601713
16,0,FALSE,Tennessee,0.071323914,0.907086168,0.021589918
16,0,FALSE,Texas,0.127903024,0.841836643,0.030260333
16,0,FALSE,Utah,0.144701294,0.805075152,0.050223554
16,0,FALSE,Vermont,0.620819527,0.287983212,0.091197261
16,0,FALSE,Virginia,0.104448167,0.863642286,0.031909548
16,0,FALSE,Washington,0.236567922,0.708803987,0.054628092
16,0,FALSE,West Virginia,0.107887223,0.858838925,0.033273852
16,0,FALSE,Wisconsin,0.223590147,0.726294549,0.050115304
16,0,FALSE,Wyoming,0.104372066,0.851731221,0.043896714
17,0,FALSE,Alabama,0.080419192,0.891287879,0.028292929
17,0,FALSE,Alaska,0.058350694,0.92,0.021649306
17,0,FALSE,Arizona,0.151679171,0.803380672,0.044940157
17,0,FALSE,Arkansas,0.076775539,0.89720696,0.026017501
17,0,FALSE,California,0.651271518,0.239769171,0.108959311
17,0,FALSE,Colorado,0.098726287,0.874146341,0.027127371
17,0,FALSE,Connecticut,0.584507552,0.302586385,0.112906062
17,0,FALSE,Delaware,0.108541667,0.857921007,0.033537326
17,0,FALSE,Florida,0.09439165,0.871743015,0.033865335
17,0,FALSE,Georgia,0.098607074,0.871184593,0.030208333
17,0,FALSE,Hawaii,0.559881774,0.332899142,0.107219083
17,0,FALSE,Idaho,0.112548327,0.849949571,0.037502101
17,0,FALSE,Illinois,0.122079491,0.840733421,0.037187088
17,0,FALSE,Indiana,0.150303498,0.80225823,0.047438272
17,0,FALSE,Iowa,0.342729767,0.584104938,0.073165295
17,0,FALSE,Kansas,0.170999086,0.789460448,0.039540466
17,0,FALSE,Kentucky,0.096452351,0.878355181,0.025192468
17,0,FALSE,Louisiana,0.074978128,0.896659011,0.028362861
17,0,FALSE,Maine,0.825645127,0.0703135,0.104041373
17,0,FALSE,Maryland,0.333059468,0.611536581,0.055403951
17,0,FALSE,Massachusetts,0.411419753,0.506434401,0.082145846
17,0,FALSE,Michigan,0.678991982,0.222302405,0.098705613
17,0,FALSE,Minnesota,0.205711028,0.737614013,0.056674959
17,0,FALSE,Mississippi,0.081247319,0.89041184,0.028340841
17,0,FALSE,Missouri,0.096504715,0.874349118,0.029146166
17,0,FALSE,Montana,0.110014051,0.857236273,0.032749676
17,0,FALSE,Nebraska,0.115585106,0.848469267,0.035945626
17,0,FALSE,Nevada,0.156602388,0.799536272,0.043861341
17,0,FALSE,New Hampshire,0.26316943,0.675867162,0.060963408
17,0,FALSE,New Jersey,0.186723619,0.763077584,0.050198796
17,0,FALSE,New Mexico,0.104011213,0.862716616,0.033272171
17,0,FALSE,New York,0.62994918,0.282519058,0.087531763
17,0,FALSE,North Carolina,0.099795501,0.872891104,0.027313395
17,0,FALSE,North Dakota,0.159138988,0.792200474,0.048660538
17,0,FALSE,Ohio,0.106781684,0.862060547,0.031157769
17,0,FALSE,Oklahoma,0.082903439,0.891804453,0.025292108
17,0,FALSE,Oregon,0.790603123,0.109168013,0.100228864
17,0,FALSE,Pennsylvania,0.152348388,0.805497243,0.042154368
17,0,FALSE,Rhode Island,0.370087146,0.566911765,0.063001089
17,0,FALSE,South Carolina,0.065788784,0.911613382,0.022597834
17,0,FALSE,South Dakota,0.16370614,0.797206558,0.039087302
17,0,FALSE,Tennessee,0.069352869,0.909615385,0.021031746
17,0,FALSE,Texas,0.123550725,0.847110395,0.02933888
17,0,FALSE,Utah,0.147883371,0.806269026,0.045847603
17,0,FALSE,Vermont,0.625784184,0.286608129,0.087607687
17,0,FALSE,Virginia,0.105909176,0.861329797,0.032761027
17,0,FALSE,Washington,0.232978036,0.713432078,0.053589886
17,0,FALSE,West Virginia,0.110450868,0.857423269,0.032125862
17,0,FALSE,Wisconsin,0.217997904,0.731331237,0.05067086
17,0,FALSE,Wyoming,0.101462246,0.855164319,0.043373435
18,0,FALSE,Alabama,0.078868687,0.893308081,0.027823232
18,0,FALSE,Alaska,0.062957176,0.913611111,0.023431713
18,0,FALSE,Arizona,0.152817971,0.804050554,0.043131476
18,0,FALSE,Arkansas,0.075549451,0.899002849,0.0254477
18,0,FALSE,California,0.65054284,0.242507825,0.106949335
18,0,FALSE,Colorado,0.094065041,0.880212285,0.025722674
18,0,FALSE,Connecticut,0.587062901,0.302565694,0.110371405
18,0,FALSE,Delaware,0.102925347,0.863871528,0.033203125
18,0,FALSE,Florida,0.094643437,0.87172271,0.033633853
18,0,FALSE,Georgia,0.095142926,0.873873547,0.030983527
18,0,FALSE,Hawaii,0.570359908,0.322902281,0.106737811
18,0,FALSE,Idaho,0.11049336,0.854462935,0.035043705
18,0,FALSE,Illinois,0.117698726,0.845174572,0.037126702
18,0,FALSE,Indiana,0.144809671,0.807716049,0.04747428
18,0,FALSE,Iowa,0.335379515,0.588248743,0.076371742
18,0,FALSE,Kansas,0.165329218,0.796885002,0.03778578
18,0,FALSE,Kentucky,0.09482938,0.879738868,0.025431752
18,0,FALSE,Louisiana,0.078472222,0.892224409,0.029303368
18,0,FALSE,Maine,0.827841757,0.071912988,0.100245255
18,0,FALSE,Maryland,0.333607199,0.610040102,0.0563527
18,0,FALSE,Massachusetts,0.414490479,0.502275581,0.08323394
18,0,FALSE,Michigan,0.680979381,0.218814433,0.100206186
18,0,FALSE,Minnesota,0.19837272,0.748118781,0.053508499
18,0,FALSE,Mississippi,0.078281853,0.89270163,0.029016517
18,0,FALSE,Missouri,0.095674457,0.874656622,0.029668922
18,0,FALSE,Montana,0.106512105,0.861608301,0.031879594
18,0,FALSE,Nebraska,0.114438534,0.849367612,0.036193853
18,0,FALSE,Nevada,0.15355831,0.803443526,0.042998163
18,0,FALSE,New Hampshire,0.25543644,0.682304174,0.062259386
18,0,FALSE,New Jersey,0.184338061,0.765667311,0.049994627
18,0,FALSE,New Mexico,0.102349643,0.865035678,0.032614679
18,0,FALSE,New York,0.629227304,0.279781705,0.090990991
18,0,FALSE,North Carolina,0.098986026,0.873146728,0.027867246
18,0,FALSE,North Dakota,0.158402531,0.792571174,0.049026295
18,0,FALSE,Ohio,0.102989366,0.864870877,0.032139757
18,0,FALSE,Oklahoma,0.086772487,0.886811067,0.026416446
18,0,FALSE,Oregon,0.792021181,0.109374439,0.09860438
18,0,FALSE,Pennsylvania,0.148208227,0.807379135,0.044412638
18,0,FALSE,Rhode Island,0.364504357,0.571683007,0.063812636
18,0,FALSE,South Carolina,0.066601153,0.909779001,0.023619846
18,0,FALSE,South Dakota,0.162985589,0.798814745,0.038199666
18,0,FALSE,Tennessee,0.069828188,0.909754928,0.020416885
18,0,FALSE,Texas,0.121381285,0.849454285,0.02916443
18,0,FALSE,Utah,0.14303653,0.812837709,0.044125761
18,0,FALSE,Vermont,0.625353435,0.291119947,0.083526618
18,0,FALSE,Virginia,0.105327564,0.862367393,0.032305044
18,0,FALSE,Washington,0.22601052,0.720538021,0.053451458
18,0,FALSE,West Virginia,0.108737806,0.858898406,0.032363788
18,0,FALSE,Wisconsin,0.215015723,0.735146751,0.049837526
18,0,FALSE,Wyoming,0.105364828,0.85129108,0.043344092
19,0,FALSE,Alabama,0.079030303,0.893277778,0.027691919
19,0,FALSE,Alaska,0.062997685,0.913414352,0.023587963
19,0,FALSE,Arizona,0.152326724,0.80593069,0.041742587
19,0,FALSE,Arkansas,0.077136752,0.896489621,0.026373626
19,0,FALSE,California,0.654176448,0.239642019,0.106181534
19,0,FALSE,Colorado,0.093766938,0.88064589,0.025587173
19,0,FALSE,Connecticut,0.592520174,0.294273743,0.113206083
19,0,FALSE,Delaware,0.103181424,0.863706597,0.033111979
19,0,FALSE,Florida,0.094416017,0.871275991,0.034307992
19,0,FALSE,Georgia,0.092429748,0.876861273,0.030708979
19,0,FALSE,Hawaii,0.568293576,0.325204018,0.106502406
19,0,FALSE,Idaho,0.109694907,0.855185746,0.035119348
19,0,FALSE,Illinois,0.1210639,0.840535793,0.038400307
19,0,FALSE,Indiana,0.141630658,0.812417695,0.045951646
19,0,FALSE,Iowa,0.337734339,0.586116827,0.076148834
19,0,FALSE,Kansas,0.165723594,0.793878601,0.040397805
19,0,FALSE,Kentucky,0.094954224,0.880571161,0.024474615
19,0,FALSE,Louisiana,0.074589895,0.896724628,0.028685477
19,0,FALSE,Maine,0.828007038,0.072664747,0.099328215
19,0,FALSE,Maryland,0.325846049,0.619493349,0.054660603
19,0,FALSE,Massachusetts,0.412382298,0.503510149,0.084107554
19,0,FALSE,Michigan,0.678642612,0.220441008,0.10091638
19,0,FALSE,Minnesota,0.195543118,0.753726161,0.050730721
19,0,FALSE,Mississippi,0.075970613,0.895726083,0.028303303
19,0,FALSE,Missouri,0.096919844,0.874118491,0.028961665
19,0,FALSE,Montana,0.107490272,0.858700821,0.033808906
19,0,FALSE,Nebraska,0.111034279,0.853528369,0.035437352
19,0,FALSE,Nevada,0.155339761,0.803048669,0.04161157
19,0,FALSE,New Hampshire,0.254440633,0.683009339,0.062550029
19,0,FALSE,New Jersey,0.183145283,0.767413497,0.049441221
19,0,FALSE,New Mexico,0.105351682,0.861875637,0.032772681
19,0,FALSE,New York,0.631531532,0.281265881,0.087202587
19,0,FALSE,North Carolina,0.092659339,0.881126449,0.026214213
19,0,FALSE,North Dakota,0.155491301,0.796189205,0.048319494
19,0,FALSE,Ohio,0.101882595,0.865364583,0.032752821
19,0,FALSE,Oklahoma,0.084650573,0.889599868,0.025749559
19,0,FALSE,Oregon,0.79503231,0.108714773,0.096252917
19,0,FALSE,Pennsylvania,0.142398219,0.813671544,0.043930237
19,0,FALSE,Rhode Island,0.36082244,0.575953159,0.063224401
19,0,FALSE,South Carolina,0.065439378,0.911412474,0.023148148
19,0,FALSE,South Dakota,0.160709064,0.800558688,0.038732247
19,0,FALSE,Tennessee,0.0675955,0.911861155,0.020543346
19,0,FALSE,Texas,0.118813741,0.853157989,0.02802827
19,0,FALSE,Utah,0.142422945,0.812186073,0.045390982
19,0,FALSE,Vermont,0.628396289,0.291075768,0.080527943
19,0,FALSE,Virginia,0.1035362,0.862730318,0.033733482
19,0,FALSE,Washington,0.222628276,0.725230712,0.052141011
19,0,FALSE,West Virginia,0.107863431,0.858172734,0.033963835
19,0,FALSE,Wisconsin,0.213642558,0.734669811,0.051687631
19,0,FALSE,Wyoming,0.103902582,0.854856221,0.041241197
20,0,FALSE,Alabama,0.079939394,0.892868687,0.027191919
20,0,FALSE,Alaska,0.059189815,0.918975694,0.021834491
20,0,FALSE,Arizona,0.154372097,0.80342533,0.042202572
20,0,FALSE,Arkansas,0.079848392,0.891707367,0.028444241
20,0,FALSE,California,0.661326291,0.234854264,0.103819444
20,0,FALSE,Colorado,0.093527552,0.881187895,0.025284553
20,0,FALSE,Connecticut,0.586545624,0.298215394,0.115238982
20,0,FALSE,Delaware,0.104427083,0.861549479,0.034023438
20,0,FALSE,Florida,0.091609812,0.874423327,0.033966862
20,0,FALSE,Georgia,0.089902293,0.879534076,0.03056363
20,0,FALSE,Hawaii,0.568361582,0.32345679,0.108181628
20,0,FALSE,Idaho,0.109938645,0.854462935,0.03559842
20,0,FALSE,Illinois,0.115393061,0.847310057,0.037296882
20,0,FALSE,Indiana,0.141707819,0.813590535,0.044701646
20,0,FALSE,Iowa,0.340163466,0.585939643,0.073896891
20,0,FALSE,Kansas,0.158464792,0.801628944,0.039906264
20,0,FALSE,Kentucky,0.097555139,0.878313566,0.024131294
20,0,FALSE,Louisiana,0.076410761,0.894143701,0.029445538
20,0,FALSE,Maine,0.827100661,0.075101301,0.097798038
20,0,FALSE,Maryland,0.326476917,0.622261346,0.051261737
20,0,FALSE,Massachusetts,0.414929902,0.502552835,0.082517263
20,0,FALSE,Michigan,0.681414662,0.219392898,0.09919244
20,0,FALSE,Minnesota,0.194796849,0.755747305,0.049455846
20,0,FALSE,Mississippi,0.082239382,0.886631274,0.031129344
20,0,FALSE,Missouri,0.096991595,0.873882739,0.029125666
20,0,FALSE,Montana,0.103734328,0.864423908,0.031841764
20,0,FALSE,Nebraska,0.112216312,0.851347518,0.03643617
20,0,FALSE,Nevada,0.15382461,0.804554637,0.041620753
20,0,FALSE,New Hampshire,0.242629121,0.695607014,0.061763865
20,0,FALSE,New Jersey,0.17602622,0.774500322,0.049473458
20,0,FALSE,New Mexico,0.105244648,0.863261978,0.031493374
20,0,FALSE,New York,0.639027489,0.275329175,0.085643336
20,0,FALSE,North Carolina,0.097929448,0.873879516,0.028191036
20,0,FALSE,North Dakota,0.15374654,0.801977066,0.044276394
20,0,FALSE,Ohio,0.100472005,0.867057292,0.032470703
20,0,FALSE,Oklahoma,0.083608907,0.889015653,0.027375441
20,0,FALSE,Oregon,0.795736852,0.1090648,0.095198349
20,0,FALSE,Pennsylvania,0.140882103,0.813724555,0.045393342
20,0,FALSE,Rhode Island,0.358404139,0.580375817,0.061220044
20,0,FALSE,South Carolina,0.063233753,0.914150943,0.022615304
20,0,FALSE,South Dakota,0.158489975,0.802908312,0.038601713
20,0,FALSE,Tennessee,0.06692831,0.912589395,0.020482295
20,0,FALSE,Texas,0.119189479,0.851185364,0.029625157
20,0,FALSE,Utah,0.140182648,0.816214802,0.043602549
20,0,FALSE,Vermont,0.631080186,0.288745306,0.080174509
20,0,FALSE,Virginia,0.104313233,0.861957938,0.033728829
20,0,FALSE,Washington,0.224741602,0.722872831,0.052385567
20,0,FALSE,West Virginia,0.102224601,0.864971449,0.03280395
20,0,FALSE,Wisconsin,0.209958071,0.739580713,0.050461216
20,0,FALSE,Wyoming,0.102313185,0.858988654,0.038698161
21,0,FALSE,Alabama,0.080070707,0.893792929,0.026136364
21,0,FALSE,Alaska,0.063321759,0.913350694,0.023327546
21,0,FALSE,Arizona,0.150361736,0.810213469,0.039424795
21,0,FALSE,Arkansas,0.078459503,0.894383394,0.027157102
21,0,FALSE,California,0.660891041,0.234942293,0.104166667
21,0,FALSE,Colorado,0.090609756,0.883590786,0.025799458
21,0,FALSE,Connecticut,0.588956135,0.298158494,0.112885371
21,0,FALSE,Delaware,0.101727431,0.865894097,0.032378472
21,0,FALSE,Florida,0.09039961,0.875808155,0.033792235
21,0,FALSE,Georgia,0.09025759,0.878851744,0.030890665
21,0,FALSE,Hawaii,0.569700774,0.323514334,0.106784892
21,0,FALSE,Idaho,0.106736426,0.859636073,0.0336275
21,0,FALSE,Illinois,0.117166227,0.844576197,0.038257576
21,0,FALSE,Indiana,0.142649177,0.813153292,0.044197531
21,0,FALSE,Iowa,0.345010288,0.583487654,0.071502058
21,0,FALSE,Kansas,0.154120942,0.807155921,0.038723137
21,0,FALSE,Kentucky,0.095609655,0.880623179,0.023767166
21,0,FALSE,Louisiana,0.075628828,0.895685696,0.028685477
21,0,FALSE,Maine,0.831728514,0.073677756,0.09459373
21,0,FALSE,Maryland,0.323435055,0.627723983,0.048840962
21,0,FALSE,Massachusetts,0.413752877,0.501632141,0.084614982
21,0,FALSE,Michigan,0.68502291,0.215819015,0.099158076
21,0,FALSE,Minnesota,0.190661277,0.760639511,0.048699212
21,0,FALSE,Mississippi,0.076726727,0.894058344,0.029214929
21,0,FALSE,Missouri,0.094859574,0.875753383,0.029387044
21,0,FALSE,Montana,0.103701902,0.863640294,0.032657804
21,0,FALSE,Nebraska,0.111903073,0.852322695,0.035774232
21,0,FALSE,Nevada,0.15325528,0.805325987,0.041418733
21,0,FALSE,New Hampshire,0.243334286,0.693944159,0.062721555
21,0,FALSE,New Jersey,0.177358693,0.773662153,0.048979153
21,0,FALSE,New Mexico,0.099877676,0.870846075,0.029276249
21,0,FALSE,New York,0.640829291,0.274104874,0.085065835
21,0,FALSE,North Carolina,0.096595944,0.875366394,0.028037662
21,0,FALSE,North Dakota,0.152367537,0.803904705,0.043727758
21,0,FALSE,Ohio,0.103369141,0.863368056,0.033262804
21,0,FALSE,Oklahoma,0.081448413,0.891589506,0.026962081
21,0,FALSE,Oregon,0.795925328,0.110554658,0.093520014
21,0,FALSE,Pennsylvania,0.137998304,0.816274385,0.045727311
21,0,FALSE,Rhode Island,0.350255991,0.586497821,0.063246187
21,0,FALSE,South Carolina,0.065317086,0.91206761,0.022615304
21,0,FALSE,South Dakota,0.156761696,0.804746241,0.038492063
21,0,FALSE,Tennessee,0.069387755,0.909423513,0.021188732
21,0,FALSE,Texas,0.116680086,0.853565038,0.029754876
21,0,FALSE,Utah,0.140135084,0.816357496,0.04350742
21,0,FALSE,Vermont,0.633167661,0.288894411,0.077937928
21,0,FALSE,Virginia,0.102554439,0.863847013,0.033598548
21,0,FALSE,Washington,0.218646179,0.731658361,0.04969546
21,0,FALSE,West Virginia,0.097787295,0.869147038,0.033065667
21,0,FALSE,Wisconsin,0.204428721,0.746048218,0.049523061
21,0,FALSE,Wyoming,0.100616197,0.862959703,0.0364241
22,0,FALSE,Alabama,0.074520202,0.900373737,0.025106061
22,0,FALSE,Alaska,0.060763889,0.91666088,0.022575231
22,0,FALSE,Arizona,0.151563058,0.806618435,0.041818507
22,0,FALSE,Arkansas,0.075417175,0.898667074,0.025915751
22,0,FALSE,California,0.661375196,0.239314358,0.099310446
22,0,FALSE,Colorado,0.091278229,0.883075881,0.02564589
22,0,FALSE,Connecticut,0.595003104,0.294863439,0.110133457
22,0,FALSE,Delaware,0.102699653,0.863893229,0.033407118
22,0,FALSE,Florida,0.086647173,0.878809292,0.034543535
22,0,FALSE,Georgia,0.090770349,0.879752099,0.029477552
22,0,FALSE,Hawaii,0.57847353,0.315400711,0.106125759
22,0,FALSE,Idaho,0.104462935,0.861564969,0.033972096
22,0,FALSE,Illinois,0.116480018,0.847474747,0.036045235
22,0,FALSE,Indiana,0.143796296,0.812330247,0.043873457
22,0,FALSE,Iowa,0.3423754,0.584070645,0.073553955
22,0,FALSE,Kansas,0.156858711,0.804692501,0.038448788
22,0,FALSE,Kentucky,0.09056908,0.887021432,0.022409488
22,0,FALSE,Louisiana,0.075853018,0.895084208,0.029062773
22,0,FALSE,Maine,0.828545532,0.07519727,0.096257198
22,0,FALSE,Maryland,0.321297926,0.630756064,0.047946009
22,0,FALSE,Massachusetts,0.410771082,0.504666248,0.08456267
22,0,FALSE,Michigan,0.686620848,0.21722795,0.096151203
22,0,FALSE,Minnesota,0.1879716,0.762251244,0.049777156
22,0,FALSE,Mississippi,0.076072501,0.894975332,0.028952166
22,0,FALSE,Missouri,0.09250205,0.87746515,0.0300328
22,0,FALSE,Montana,0.101459144,0.865067013,0.033473843
22,0,FALSE,Nebraska,0.108953901,0.854751773,0.036294326
22,0,FALSE,Nevada,0.152144169,0.808934803,0.038921028
22,0,FALSE,New Hampshire,0.238531542,0.70095769,0.060510768
22,0,FALSE,New Jersey,0.173651408,0.779615302,0.04673329
22,0,FALSE,New Mexico,0.097640163,0.873455657,0.028904179
22,0,FALSE,New York,0.644455994,0.273151998,0.082392007
22,0,FALSE,North Carolina,0.098185072,0.873883776,0.027931152
22,0,FALSE,North Dakota,0.15194741,0.804329775,0.043722815
22,0,FALSE,Ohio,0.101312934,0.865977648,0.032709418
22,0,FALSE,Oklahoma,0.079635141,0.893865741,0.026499118
22,0,FALSE,Oregon,0.799883324,0.108889786,0.091226889
22,0,FALSE,Pennsylvania,0.135729432,0.817848813,0.046421756
22,0,FALSE,Rhode Island,0.350511983,0.585593682,0.063894336
22,0,FALSE,South Carolina,0.066029001,0.910718029,0.02325297
22,0,FALSE,South Dakota,0.157785088,0.803513993,0.038700919
22,0,FALSE,Tennessee,0.069501134,0.908385662,0.022113204
22,0,FALSE,Texas,0.113141886,0.857559492,0.029298622
22,0,FALSE,Utah,0.140986492,0.816124429,0.042889079
22,0,FALSE,Vermont,0.636586039,0.284934835,0.078479125
22,0,FALSE,Virginia,0.102773125,0.865024195,0.03220268
22,0,FALSE,Washington,0.21538852,0.733471761,0.051139719
22,0,FALSE,West Virginia,0.098483226,0.868326196,0.033190578
22,0,FALSE,Wisconsin,0.201918239,0.747374214,0.050707547
22,0,FALSE,Wyoming,0.101071009,0.862294601,0.03663439
23,0,FALSE,Alabama,0.077712121,0.896010101,0.026277778
23,0,FALSE,Alaska,0.064994213,0.910648148,0.024357639
23,0,FALSE,Arizona,0.14939264,0.808641479,0.041965881
23,0,FALSE,Arkansas,0.078607041,0.896118234,0.025274725
23,0,FALSE,California,0.664901213,0.236614828,0.098483959
23,0,FALSE,Colorado,0.08936766,0.884015357,0.026616983
23,0,FALSE,Connecticut,0.592209808,0.296849783,0.11094041
23,0,FALSE,Delaware,0.101037326,0.866684028,0.032278646
23,0,FALSE,Florida,0.087382229,0.877383853,0.035233918
23,0,FALSE,Georgia,0.091202358,0.878968831,0.029828811
23,0,FALSE,Hawaii,0.579901653,0.3141923,0.105906047
23,0,FALSE,Idaho,0.105786687,0.859984871,0.034228442
23,0,FALSE,Illinois,0.113493632,0.851839043,0.034667325
23,0,FALSE,Indiana,0.143148148,0.814717078,0.042134774
23,0,FALSE,Iowa,0.337751486,0.587580018,0.074668496
23,0,FALSE,Kansas,0.156047096,0.80420096,0.039751943
23,0,FALSE,Kentucky,0.096384727,0.879889721,0.023725551
23,0,FALSE,Louisiana,0.07649825,0.894920166,0.028581584
23,0,FALSE,Maine,0.83407443,0.073411175,0.092514395
23,0,FALSE,Maryland,0.317938185,0.633612089,0.048449726
23,0,FALSE,Massachusetts,0.41320883,0.501878008,0.084913162
23,0,FALSE,Michigan,0.687634593,0.215773196,0.096592211
23,0,FALSE,Minnesota,0.186603441,0.764754353,0.048642206
23,0,FALSE,Mississippi,0.077986915,0.892454955,0.02955813
23,0,FALSE,Missouri,0.094567446,0.875292128,0.030140426
23,0,FALSE,Montana,0.103388457,0.863180934,0.03343061
23,0,FALSE,Nebraska,0.106205674,0.857594563,0.036199764
23,0,FALSE,Nevada,0.154747475,0.805661157,0.039591368
23,0,FALSE,New Hampshire,0.236263579,0.702277492,0.061458929
23,0,FALSE,New Jersey,0.174156458,0.780174081,0.045669461
23,0,FALSE,New Mexico,0.099046891,0.871819572,0.029133537
23,0,FALSE,New York,0.644074844,0.272840148,0.083085008
23,0,FALSE,North Carolina,0.095385992,0.878433879,0.02618013
23,0,FALSE,North Dakota,0.150158165,0.80890174,0.040940095
23,0,FALSE,Ohio,0.102539063,0.86429579,0.033165148
23,0,FALSE,Oklahoma,0.082087743,0.889699074,0.028213183
23,0,FALSE,Oregon,0.800857117,0.10862951,0.090513373
23,0,FALSE,Pennsylvania,0.133232612,0.820536472,0.046230916
23,0,FALSE,Rhode Island,0.3425,0.595462963,0.062037037
23,0,FALSE,South Carolina,0.064832285,0.912613557,0.022554158
23,0,FALSE,South Dakota,0.15718985,0.803889933,0.038920217
23,0,FALSE,Tennessee,0.065572126,0.913535671,0.020892203
23,0,FALSE,Texas,0.112220433,0.859138486,0.028641081
23,0,FALSE,Utah,0.137851979,0.821908295,0.040239726
23,0,FALSE,Vermont,0.636326486,0.287707091,0.075966424
23,0,FALSE,Virginia,0.10094919,0.867020287,0.032030523
23,0,FALSE,Washington,0.215789959,0.732281285,0.051928756
23,0,FALSE,West Virginia,0.099339757,0.86770759,0.032952653
23,0,FALSE,Wisconsin,0.204973795,0.744281971,0.050744235
23,0,FALSE,Wyoming,0.098591549,0.865277778,0.036130673
24,0,FALSE,Alabama,0.079287879,0.894106061,0.026606061
24,0,FALSE,Alaska,0.061770833,0.915422454,0.022806713
24,0,FALSE,Arizona,0.145650232,0.812750089,0.041599678
24,0,FALSE,Arkansas,0.076689052,0.898127798,0.02518315
24,0,FALSE,California,0.667987089,0.234218505,0.097794405
24,0,FALSE,Colorado,0.089977416,0.883066847,0.026955736
24,0,FALSE,Connecticut,0.590756259,0.301784606,0.107459135
24,0,FALSE,Delaware,0.100112847,0.867395833,0.032491319
24,0,FALSE,Florida,0.086310104,0.879113873,0.034576023
24,0,FALSE,Georgia,0.089583333,0.880111434,0.030305233
24,0,FALSE,Hawaii,0.5804457,0.313752877,0.105801423
24,0,FALSE,Idaho,0.104408304,0.862027231,0.033564465
24,0,FALSE,Illinois,0.112132191,0.852706412,0.035161397
24,0,FALSE,Indiana,0.139598765,0.817952675,0.04244856
24,0,FALSE,Iowa,0.342546868,0.582630316,0.074822817
24,0,FALSE,Kansas,0.154275263,0.804972565,0.040752172
24,0,FALSE,Kentucky,0.094038702,0.882537453,0.023423845
24,0,FALSE,Louisiana,0.075896763,0.894788933,0.029314304
24,0,FALSE,Maine,0.831909789,0.074680102,0.093410109
24,0,FALSE,Maryland,0.313673709,0.637812989,0.048513302
24,0,FALSE,Massachusetts,0.415071145,0.499602427,0.085326428
24,0,FALSE,Michigan,0.689135166,0.214266896,0.096597938
24,0,FALSE,Minnesota,0.185370025,0.765573176,0.049056799
24,0,FALSE,Mississippi,0.076957314,0.892798155,0.03024453
24,0,FALSE,Missouri,0.090487905,0.880647806,0.028864289
24,0,FALSE,Montana,0.102815607,0.864299611,0.032884782
24,0,FALSE,Nebraska,0.104261229,0.86037234,0.03536643
24,0,FALSE,Nevada,0.153852158,0.805298439,0.040849403
24,0,FALSE,New Hampshire,0.229826568,0.707642462,0.06253097
24,0,FALSE,New Jersey,0.17389856,0.782511283,0.043590157
24,0,FALSE,New Mexico,0.09469419,0.876437309,0.028868502
24,0,FALSE,New York,0.647412797,0.268531994,0.084055209
24,0,FALSE,North Carolina,0.098001875,0.875383436,0.02661469
24,0,FALSE,North Dakota,0.150291617,0.809138988,0.040569395
24,0,FALSE,Ohio,0.09905599,0.869401042,0.031542969
24,0,FALSE,Oklahoma,0.078747795,0.893132716,0.028119489
24,0,FALSE,Oregon,0.805788907,0.107301203,0.086909891
24,0,FALSE,Pennsylvania,0.131493851,0.823202926,0.045303223
24,0,FALSE,Rhode Island,0.337423747,0.598828976,0.063747277
24,0,FALSE,South Carolina,0.065828092,0.910840321,0.023331586
24,0,FALSE,South Dakota,0.15357665,0.809215748,0.037207602
24,0,FALSE,Tennessee,0.066963196,0.911826269,0.021210535
24,0,FALSE,Texas,0.111451065,0.858217033,0.030331902
24,0,FALSE,Utah,0.13837519,0.820657344,0.040967466
24,0,FALSE,Vermont,0.638237243,0.284575878,0.077186879
24,0,FALSE,Virginia,0.097841057,0.870212172,0.031946771
24,0,FALSE,Washington,0.211360281,0.737333887,0.051305832
24,0,FALSE,West Virginia,0.097733762,0.870979063,0.031287176
24,0,FALSE,Wisconsin,0.200707547,0.748490566,0.050801887
24,0,FALSE,Wyoming,0.09891921,0.865165297,0.035915493
25,0,FALSE,Alabama,0.077171717,0.898060606,0.024767677
25,0,FALSE,Alaska,0.061371528,0.915688657,0.022939815
25,0,FALSE,Arizona,0.144667738,0.813857628,0.041474634
25,0,FALSE,Arkansas,0.075457875,0.899216524,0.0253256
25,0,FALSE,California,0.669948161,0.233822379,0.09622946
25,0,FALSE,Colorado,0.085704607,0.8883785,0.025916893
25,0,FALSE,Connecticut,0.594987585,0.299436168,0.105576247
25,0,FALSE,Delaware,0.099574653,0.868671875,0.031753472
25,0,FALSE,Florida,0.083804418,0.881038824,0.035156758
25,0,FALSE,Georgia,0.090814761,0.877652616,0.031532623
25,0,FALSE,Hawaii,0.581471019,0.308600126,0.109928855
25,0,FALSE,Idaho,0.102471004,0.862951757,0.03457724
25,0,FALSE,Illinois,0.111292271,0.854638779,0.03406895
25,0,FALSE,Indiana,0.135802469,0.821239712,0.042957819
25,0,FALSE,Iowa,0.338334476,0.587317101,0.074348422
25,0,FALSE,Kansas,0.152331962,0.808573388,0.03909465
25,0,FALSE,Kentucky,0.09391906,0.882849563,0.023231377
25,0,FALSE,Louisiana,0.075399169,0.894969379,0.029631452
25,0,FALSE,Maine,0.834778204,0.074898699,0.090323097
25,0,FALSE,Maryland,0.313267801,0.637945031,0.048787167
25,0,FALSE,Massachusetts,0.414689266,0.502636535,0.0826742
25,0,FALSE,Michigan,0.693087056,0.213087056,0.093825888
25,0,FALSE,Minnesota,0.184447554,0.767050166,0.04850228
25,0,FALSE,Mississippi,0.07741849,0.893141356,0.029440154
25,0,FALSE,Missouri,0.089524395,0.881206437,0.029269168
25,0,FALSE,Montana,0.099956766,0.867936662,0.032106572
25,0,FALSE,Nebraska,0.103516548,0.859491726,0.036991726
25,0,FALSE,Nevada,0.151928375,0.808980716,0.039090909
25,0,FALSE,New Hampshire,0.228444826,0.710158186,0.061396989
25,0,FALSE,New Jersey,0.169718461,0.786508704,0.043772835
25,0,FALSE,New Mexico,0.097135576,0.873119266,0.029745158
25,0,FALSE,New York,0.651703627,0.265038115,0.083258258
25,0,FALSE,North Carolina,0.096186946,0.877939673,0.025873381
25,0,FALSE,North Dakota,0.149688612,0.808046659,0.042264729
25,0,FALSE,Ohio,0.101459418,0.864670139,0.033870443
25,0,FALSE,Oklahoma,0.081294092,0.890834436,0.027871473
25,0,FALSE,Oregon,0.807498654,0.106704362,0.085796984
25,0,FALSE,Pennsylvania,0.13101145,0.822301739,0.046686811
25,0,FALSE,Rhode Island,0.338300654,0.597576253,0.064123094
25,0,FALSE,South Carolina,0.063928197,0.914386792,0.02168501
25,0,FALSE,South Dakota,0.15297619,0.809743108,0.037280702
25,0,FALSE,Tennessee,0.065201465,0.914202861,0.020595674
25,0,FALSE,Texas,0.106995885,0.863316336,0.02968778
25,0,FALSE,Utah,0.137114726,0.822089041,0.040796233
25,0,FALSE,Vermont,0.644107577,0.281593771,0.074298653
25,0,FALSE,Virginia,0.098427322,0.870412246,0.031160432
25,0,FALSE,Washington,0.205394057,0.741911222,0.052694721
25,0,FALSE,West Virginia,0.095425886,0.873108494,0.03146562
25,0,FALSE,Wisconsin,0.198034591,0.751719078,0.050246331
25,0,FALSE,Wyoming,0.097647692,0.865781495,0.036570814
26,0,FALSE,Alabama,0.078580808,0.894994949,0.026424242
26,0,FALSE,Alaska,0.058871528,0.918946759,0.022181713
26,0,FALSE,Arizona,0.140827081,0.816921222,0.042251697
26,0,FALSE,Arkansas,0.077391127,0.896866097,0.025742776
26,0,FALSE,California,0.67036385,0.233431142,0.096205008
26,0,FALSE,Colorado,0.0883514,0.884760614,0.026887986
26,0,FALSE,Connecticut,0.599006828,0.296896338,0.104096834
26,0,FALSE,Delaware,0.096770833,0.873988715,0.029240451
26,0,FALSE,Florida,0.083836907,0.880433723,0.03572937
26,0,FALSE,Georgia,0.089825581,0.880967377,0.029207041
26,0,FALSE,Hawaii,0.58636221,0.306094371,0.107543419
26,0,FALSE,Idaho,0.103572029,0.862544125,0.033883846
26,0,FALSE,Illinois,0.112653711,0.851773166,0.035573123
26,0,FALSE,Indiana,0.138204733,0.818806584,0.042988683
26,0,FALSE,Iowa,0.338763146,0.58701989,0.074216964
26,0,FALSE,Kansas,0.145050297,0.817392547,0.037557156
26,0,FALSE,Kentucky,0.095016646,0.880493134,0.024490221
26,0,FALSE,Louisiana,0.073031496,0.898129921,0.028838583
26,0,FALSE,Maine,0.835945831,0.074498827,0.089555342
26,0,FALSE,Maryland,0.309115806,0.642165493,0.048718701
26,0,FALSE,Massachusetts,0.411341285,0.503787403,0.084871312
26,0,FALSE,Michigan,0.695051546,0.211798396,0.093150057
26,0,FALSE,Minnesota,0.181783789,0.77058976,0.047626451
26,0,FALSE,Mississippi,0.07549335,0.895667096,0.028839554
26,0,FALSE,Missouri,0.090769783,0.880786183,0.028444034
26,0,FALSE,Montana,0.099702767,0.866855815,0.033441418
26,0,FALSE,Nebraska,0.104249409,0.859716312,0.036034279
26,0,FALSE,Nevada,0.151749311,0.808604224,0.039646465
26,0,FALSE,New Hampshire,0.222994092,0.71605203,0.060953878
26,0,FALSE,New Jersey,0.171792392,0.783553621,0.044653987
26,0,FALSE,New Mexico,0.094821611,0.877614679,0.02756371
26,0,FALSE,New York,0.652390852,0.265967891,0.081641257
26,0,FALSE,North Carolina,0.096306237,0.878139911,0.025553851
26,0,FALSE,North Dakota,0.145423092,0.813231514,0.041345393
26,0,FALSE,Ohio,0.096761068,0.870806207,0.032432726
26,0,FALSE,Oklahoma,0.079761905,0.891473765,0.02876433
26,0,FALSE,Oregon,0.80636331,0.108867349,0.084769341
26,0,FALSE,Pennsylvania,0.129490034,0.825360475,0.045149491
26,0,FALSE,Rhode Island,0.331797386,0.606062092,0.062140523
26,0,FALSE,South Carolina,0.06640898,0.911172257,0.022418763
26,0,FALSE,South Dakota,0.152229532,0.810045948,0.03772452
26,0,FALSE,Tennessee,0.065301762,0.914809001,0.019889238
26,0,FALSE,Texas,0.106982466,0.862998748,0.030018787
26,0,FALSE,Utah,0.133071728,0.828163052,0.038765221
26,0,FALSE,Vermont,0.641561741,0.284145129,0.07429313
26,0,FALSE,Virginia,0.099557975,0.86847199,0.031970035
26,0,FALSE,Washington,0.20015227,0.748597268,0.051250461
26,0,FALSE,West Virginia,0.092909826,0.876445396,0.030644778
26,0,FALSE,Wisconsin,0.198328092,0.749570231,0.052101677
26,0,FALSE,Wyoming,0.096527778,0.867165493,0.036306729
27,0,FALSE,Alabama,0.080040404,0.893459596,0.0265
27,0,FALSE,Alaska,0.059016204,0.918993056,0.021990741
27,0,FALSE,Arizona,0.142095391,0.814496249,0.04340836
27,0,FALSE,Arkansas,0.076480464,0.898667074,0.024852462
27,0,FALSE,California,0.675806925,0.227357199,0.096835876
27,0,FALSE,Colorado,0.08763776,0.885018067,0.027344173
27,0,FALSE,Connecticut,0.595877302,0.299224084,0.104898614
27,0,FALSE,Delaware,0.097565104,0.872048611,0.030386285
27,0,FALSE,Florida,0.082435835,0.882005361,0.035558804
27,0,FALSE,Georgia,0.088501292,0.881847545,0.029651163
27,0,FALSE,Hawaii,0.594789705,0.299011299,0.106198996
27,0,FALSE,Idaho,0.099932762,0.866633048,0.033434191
27,0,FALSE,Illinois,0.113175231,0.851619455,0.035205314
27,0,FALSE,Indiana,0.136610082,0.820288066,0.043101852
27,0,FALSE,Iowa,0.336962734,0.5875,0.075537266
27,0,FALSE,Kansas,0.14590192,0.81476909,0.039328989
27,0,FALSE,Kentucky,0.090517062,0.886261964,0.023220974
27,0,FALSE,Louisiana,0.071385608,0.898933727,0.029680665
27,0,FALSE,Maine,0.835455321,0.074824056,0.089720623
27,0,FALSE,Maryland,0.307321009,0.643979851,0.048699139
27,0,FALSE,Massachusetts,0.411581921,0.503311362,0.085106717
27,0,FALSE,Michigan,0.693745704,0.21534937,0.090904926
27,0,FALSE,Minnesota,0.182524876,0.768667081,0.048808043
27,0,FALSE,Mississippi,0.077241527,0.893506006,0.029252467
27,0,FALSE,Missouri,0.086382739,0.88604961,0.027567651
27,0,FALSE,Montana,0.096660182,0.872692391,0.030647428
27,0,FALSE,Nebraska,0.106914894,0.856270686,0.036814421
27,0,FALSE,Nevada,0.150110193,0.809931129,0.039958678
27,0,FALSE,New Hampshire,0.220492662,0.719654088,0.059853249
27,0,FALSE,New Jersey,0.170304105,0.785520095,0.044175801
27,0,FALSE,New Mexico,0.094638124,0.877441386,0.027920489
27,0,FALSE,New York,0.653534304,0.266135366,0.08033033
27,0,FALSE,North Carolina,0.097175358,0.87661469,0.026209952
27,0,FALSE,North Dakota,0.144246738,0.814724199,0.041029063
27,0,FALSE,Ohio,0.098567708,0.867919922,0.03351237
27,0,FALSE,Oklahoma,0.080417769,0.891324956,0.028257275
27,0,FALSE,Oregon,0.807898043,0.107534554,0.084567403
27,0,FALSE,Pennsylvania,0.129012935,0.826282867,0.044704198
27,0,FALSE,Rhode Island,0.330168845,0.607091503,0.062739651
27,0,FALSE,South Carolina,0.065085604,0.912198637,0.022715758
27,0,FALSE,South Dakota,0.150772765,0.813815789,0.035411445
27,0,FALSE,Tennessee,0.066152102,0.91329147,0.020556428
27,0,FALSE,Texas,0.105407944,0.864103596,0.030488459
27,0,FALSE,Utah,0.134413052,0.825337709,0.040249239
27,0,FALSE,Vermont,0.643897725,0.28109123,0.075011045
27,0,FALSE,Virginia,0.097292016,0.871538247,0.031169738
27,0,FALSE,Washington,0.203709856,0.744772056,0.051518088
27,0,FALSE,West Virginia,0.094503926,0.875178444,0.03031763
27,0,FALSE,Wisconsin,0.193616352,0.754984277,0.051399371
27,0,FALSE,Wyoming,0.095759977,0.86897007,0.035269953
28,0,FALSE,Alabama,0.07810101,0.896439394,0.025459596
28,0,FALSE,Alaska,0.061591435,0.915075231,0.023333333
28,0,FALSE,Arizona,0.138938014,0.819100572,0.041961415
28,0,FALSE,Arkansas,0.073738299,0.902213065,0.024048637
28,0,FALSE,California,0.674770149,0.226970853,0.098258998
28,0,FALSE,Colorado,0.085388437,0.887881662,0.026729901
28,0,FALSE,Connecticut,0.601205256,0.293601283,0.105193462
28,0,FALSE,Delaware,0.095555556,0.873784722,0.030659722
28,0,FALSE,Florida,0.083024691,0.881115984,0.035859324
28,0,FALSE,Georgia,0.089042313,0.881165213,0.029792474
28,0,FALSE,Hawaii,0.592718142,0.298237079,0.109044779
28,0,FALSE,Idaho,0.099483106,0.867423096,0.033093797
28,0,FALSE,Illinois,0.111220905,0.853722003,0.035057093
28,0,FALSE,Indiana,0.134367284,0.822201646,0.04343107
28,0,FALSE,Iowa,0.341529492,0.584962277,0.07350823
28,0,FALSE,Kansas,0.144004344,0.816386603,0.039609053
28,0,FALSE,Kentucky,0.090204952,0.886085102,0.023709946
28,0,FALSE,Louisiana,0.071921479,0.898572835,0.029505687
28,0,FALSE,Maine,0.833786522,0.076684794,0.089528684
28,0,FALSE,Maryland,0.305311033,0.646297926,0.048391041
28,0,FALSE,Massachusetts,0.410724001,0.503829253,0.085446746
28,0,FALSE,Michigan,0.693287514,0.215475372,0.091237113
28,0,FALSE,Minnesota,0.180078773,0.770646766,0.049274461
28,0,FALSE,Mississippi,0.079279279,0.890041828,0.030678893
28,0,FALSE,Missouri,0.0874795,0.884424969,0.028095531
28,0,FALSE,Montana,0.098886727,0.870476654,0.030636619
28,0,FALSE,Nebraska,0.105171395,0.858262411,0.036566194
28,0,FALSE,Nevada,0.152226814,0.807777778,0.039995409
28,0,FALSE,New Hampshire,0.221240709,0.716657137,0.062102154
28,0,FALSE,New Jersey,0.169347733,0.786530196,0.044122072
28,0,FALSE,New Mexico,0.09520897,0.876814475,0.027976555
28,0,FALSE,New York,0.653753754,0.263363363,0.082882883
28,0,FALSE,North Carolina,0.097264826,0.876853272,0.025881902
28,0,FALSE,North Dakota,0.14445433,0.813725781,0.041819889
28,0,FALSE,Ohio,0.098301866,0.86843533,0.033262804
28,0,FALSE,Oklahoma,0.079778439,0.891093474,0.029128086
28,0,FALSE,Oregon,0.808414109,0.107942919,0.083642973
28,0,FALSE,Pennsylvania,0.126028414,0.829447625,0.044523961
28,0,FALSE,Rhode Island,0.32537037,0.61125817,0.06337146
28,0,FALSE,South Carolina,0.065880503,0.912063242,0.022056254
28,0,FALSE,South Dakota,0.150600459,0.813575606,0.035823935
28,0,FALSE,Tennessee,0.066265481,0.912641723,0.021092796
28,0,FALSE,Texas,0.103869207,0.864027554,0.032103239
28,0,FALSE,Utah,0.132553272,0.827520928,0.039925799
28,0,FALSE,Vermont,0.650060747,0.277214491,0.072724763
28,0,FALSE,Virginia,0.097003536,0.872720082,0.030276382
28,0,FALSE,Washington,0.199723145,0.750549096,0.049727759
28,0,FALSE,West Virginia,0.090792291,0.879312396,0.029895313
28,0,FALSE,Wisconsin,0.1939413,0.755566038,0.050492662
28,0,FALSE,Wyoming,0.093446792,0.871004499,0.035548709
29,0,FALSE,Alabama,0.076237374,0.898505051,0.025257576
29,0,FALSE,Alaska,0.060902778,0.916417824,0.022679398
29,0,FALSE,Arizona,0.139447124,0.818734369,0.041818507
29,0,FALSE,Arkansas,0.07542735,0.898982499,0.025590151
29,0,FALSE,California,0.678623826,0.225,0.096376174
29,0,FALSE,Colorado,0.086946703,0.885862692,0.027190605
29,0,FALSE,Connecticut,0.60392096,0.291289054,0.104789986
29,0,FALSE,Delaware,0.096440972,0.872378472,0.031180556
29,0,FALSE,Florida,0.082703866,0.880206303,0.037089831
29,0,FALSE,Georgia,0.083531169,0.887298127,0.029170704
29,0,FALSE,Hawaii,0.596751412,0.295386064,0.107862524
29,0,FALSE,Idaho,0.100054631,0.867624811,0.032320558
29,0,FALSE,Illinois,0.110704875,0.853881203,0.035413922
29,0,FALSE,Indiana,0.13465535,0.822227366,0.043117284
29,0,FALSE,Iowa,0.340917924,0.584510745,0.074571331
29,0,FALSE,Kansas,0.146479195,0.812871513,0.040649291
29,0,FALSE,Kentucky,0.091188098,0.885304827,0.023507074
29,0,FALSE,Louisiana,0.074157918,0.895773185,0.030068898
29,0,FALSE,Maine,0.833248027,0.078092344,0.088659629
29,0,FALSE,Maryland,0.302645736,0.647232003,0.050122261
29,0,FALSE,Massachusetts,0.407522494,0.503928646,0.08854886
29,0,FALSE,Michigan,0.695549828,0.214209622,0.09024055
29,0,FALSE,Minnesota,0.179021559,0.772170398,0.048808043
29,0,FALSE,Mississippi,0.076485414,0.892878593,0.030635993
29,0,FALSE,Missouri,0.090170152,0.880560681,0.029269168
29,0,FALSE,Montana,0.095557717,0.872238435,0.032203848
29,0,FALSE,Nebraska,0.101176123,0.865076832,0.033747045
29,0,FALSE,Nevada,0.152286501,0.808204775,0.039508724
29,0,FALSE,New Hampshire,0.219477797,0.720054317,0.060467886
29,0,FALSE,New Jersey,0.167123361,0.787556415,0.045320224
29,0,FALSE,New Mexico,0.096432212,0.87608053,0.027487258
29,0,FALSE,New York,0.654030954,0.261682837,0.084286209
29,0,FALSE,North Carolina,0.09449983,0.878932345,0.026567825
29,0,FALSE,North Dakota,0.141750692,0.817042309,0.041206999
29,0,FALSE,Ohio,0.096283637,0.871842448,0.031873915
29,0,FALSE,Oklahoma,0.078962743,0.892917769,0.028119489
29,0,FALSE,Oregon,0.810796984,0.107942919,0.081260097
29,0,FALSE,Pennsylvania,0.126839483,0.827093936,0.046066582
29,0,FALSE,Rhode Island,0.324891068,0.611982571,0.063126362
29,0,FALSE,South Carolina,0.065282145,0.913216282,0.021501572
29,0,FALSE,South Dakota,0.150020886,0.81287594,0.037103175
29,0,FALSE,Tennessee,0.066064887,0.913635967,0.020299145
29,0,FALSE,Texas,0.101158526,0.867825192,0.031016282
29,0,FALSE,Utah,0.132924277,0.82765411,0.039421613
29,0,FALSE,Vermont,0.651341948,0.274099845,0.074558206
29,0,FALSE,Virginia,0.097817793,0.872022148,0.03016006
29,0,FALSE,Washington,0.197342193,0.752214839,0.050442968
29,0,FALSE,West Virginia,0.092065192,0.878366643,0.029568166
29,0,FALSE,Wisconsin,0.192950734,0.755068134,0.051981132
29,0,FALSE,Wyoming,0.093867371,0.870422535,0.035710094
30,0,FALSE,Alabama,0.076929293,0.897060606,0.026010101
30,0,FALSE,Alaska,0.060914352,0.916024306,0.023061343
30,0,FALSE,Arizona,0.138598607,0.820252769,0.041148625
30,0,FALSE,Arkansas,0.075992063,0.898483923,0.025524013
30,0,FALSE,California,0.677494131,0.225870501,0.096635368
30,0,FALSE,Colorado,0.084760614,0.888274616,0.02696477
30,0,FALSE,Connecticut,0.60377095,0.289980343,0.106248707
30,0,FALSE,Delaware,0.096072049,0.873298611,0.03062934
30,0,FALSE,Florida,0.083341455,0.880653021,0.036005523
30,0,FALSE,Georgia,0.088703165,0.880967377,0.030329457
30,0,FALSE,Hawaii,0.595009416,0.296934505,0.108056079
30,0,FALSE,Idaho,0.094301563,0.874256178,0.031442259
30,0,FALSE,Illinois,0.110188845,0.853969038,0.035842117
30,0,FALSE,Indiana,0.13343107,0.826064815,0.040504115
30,0,FALSE,Iowa,0.337059899,0.588203018,0.074737083
30,0,FALSE,Kansas,0.144918839,0.817415409,0.037665752
30,0,FALSE,Kentucky,0.092665418,0.883400957,0.023933625
30,0,FALSE,Louisiana,0.073835302,0.896494969,0.029669729
30,0,FALSE,Maine,0.838702282,0.076620815,0.084676903
30,0,FALSE,Maryland,0.302626174,0.644224374,0.053149452
30,0,FALSE,Massachusetts,0.411409291,0.504294832,0.084295878
30,0,FALSE,Michigan,0.700693013,0.208780069,0.090526919
30,0,FALSE,Minnesota,0.177518657,0.774875622,0.047605721
30,0,FALSE,Mississippi,0.076748177,0.894213857,0.029037967
30,0,FALSE,Missouri,0.088530135,0.883661337,0.027808528
30,0,FALSE,Montana,0.095406399,0.873238219,0.031355383
30,0,FALSE,Nebraska,0.102730496,0.863374704,0.033894799
30,0,FALSE,Nevada,0.151730946,0.808801653,0.039467401
30,0,FALSE,New Hampshire,0.215232514,0.724442539,0.060324948
30,0,FALSE,New Jersey,0.168735225,0.785987535,0.04527724
30,0,FALSE,New Mexico,0.094378186,0.878369011,0.027252803
30,0,FALSE,New York,0.662017787,0.254931855,0.083050358
30,0,FALSE,North Carolina,0.094891786,0.878220859,0.026887355
30,0,FALSE,North Dakota,0.142793594,0.815554567,0.041651839
30,0,FALSE,Ohio,0.093619792,0.873345269,0.033034939
30,0,FALSE,Oklahoma,0.079001323,0.892283951,0.028714727
30,0,FALSE,Oregon,0.810779034,0.106574224,0.082646742
30,0,FALSE,Pennsylvania,0.12110369,0.833916455,0.044979856
30,0,FALSE,Rhode Island,0.325561002,0.612211329,0.062227669
30,0,FALSE,South Carolina,0.065212264,0.912399546,0.02238819
30,0,FALSE,South Dakota,0.149227235,0.814024645,0.03674812
30,0,FALSE,Tennessee,0.064473225,0.915646259,0.019880516
30,0,FALSE,Texas,0.101270352,0.868478261,0.030251387
30,0,FALSE,Utah,0.131207192,0.829884893,0.038907915
30,0,FALSE,Vermont,0.656682129,0.270455047,0.072862823
30,0,FALSE,Virginia,0.099883678,0.869588684,0.030527638
30,0,FALSE,Washington,0.199958472,0.750392211,0.049649317
30,0,FALSE,West Virginia,0.089376636,0.882732572,0.027890792
30,0,FALSE,Wisconsin,0.186839623,0.761221174,0.051939203
30,0,FALSE,Wyoming,0.091339006,0.872544992,0.036116002
31,0,FALSE,Alabama,0.076328283,0.897186869,0.026484848
31,0,FALSE,Alaska,0.059195602,0.917662037,0.023142361
31,0,FALSE,Arizona,0.137093605,0.820440336,0.042466059
31,0,FALSE,Arkansas,0.075676638,0.899872812,0.024450549
31,0,FALSE,California,0.677288732,0.224819053,0.097892214
31,0,FALSE,Colorado,0.085781391,0.886160795,0.028057814
31,0,FALSE,Connecticut,0.601215601,0.29225119,0.106533209
31,0,FALSE,Delaware,0.099335938,0.869249132,0.031414931
31,0,FALSE,Florida,0.079913905,0.884198343,0.035887752
31,0,FALSE,Georgia,0.084762597,0.886579457,0.028657946
31,0,FALSE,Hawaii,0.594653693,0.296191672,0.109154635
31,0,FALSE,Idaho,0.096772567,0.871230459,0.031996974
31,0,FALSE,Illinois,0.110995828,0.85326087,0.035743303
31,0,FALSE,Indiana,0.135123457,0.825313786,0.039562757
31,0,FALSE,Iowa,0.340386374,0.58228738,0.077326246
31,0,FALSE,Kansas,0.141289438,0.82191358,0.036796982
31,0,FALSE,Kentucky,0.091661465,0.884961506,0.023377029
31,0,FALSE,Louisiana,0.069887358,0.901574803,0.028537839
31,0,FALSE,Maine,0.835753892,0.078039028,0.08620708
31,0,FALSE,Maryland,0.29817097,0.649535407,0.052293623
31,0,FALSE,Massachusetts,0.413962126,0.49811153,0.087926344
31,0,FALSE,Michigan,0.701013746,0.207726231,0.091260023
31,0,FALSE,Minnesota,0.176207504,0.77634743,0.047445066
31,0,FALSE,Mississippi,0.075788288,0.894664307,0.029547405
31,0,FALSE,Missouri,0.087059246,0.8850246,0.027916154
31,0,FALSE,Montana,0.091380242,0.879615218,0.02900454
31,0,FALSE,Nebraska,0.099485816,0.867222222,0.033291962
31,0,FALSE,Nevada,0.151772268,0.807809917,0.040417815
31,0,FALSE,New Hampshire,0.211563751,0.726176863,0.062259386
31,0,FALSE,New Jersey,0.164415431,0.790146142,0.045438427
31,0,FALSE,New Mexico,0.093384302,0.878333333,0.028282365
31,0,FALSE,New York,0.664316239,0.254348579,0.081335181
31,0,FALSE,North Carolina,0.095330607,0.87855743,0.026111963
31,0,FALSE,North Dakota,0.140683076,0.818450969,0.040865955
31,0,FALSE,Ohio,0.095100911,0.871283637,0.033615451
31,0,FALSE,Oklahoma,0.07485119,0.898533951,0.026614859
31,0,FALSE,Oregon,0.815387722,0.105214504,0.079397774
31,0,FALSE,Pennsylvania,0.123950382,0.830232188,0.04581743
31,0,FALSE,Rhode Island,0.323796296,0.614553377,0.061650327
31,0,FALSE,South Carolina,0.065631551,0.912377708,0.021990741
31,0,FALSE,South Dakota,0.149101921,0.814625104,0.036272974
31,0,FALSE,Tennessee,0.064652015,0.914883133,0.020464853
31,0,FALSE,Texas,0.100143138,0.869457864,0.030398998
31,0,FALSE,Utah,0.128790906,0.833185883,0.038023212
31,0,FALSE,Vermont,0.654859731,0.272647449,0.072492821
31,0,FALSE,Virginia,0.096528941,0.872110553,0.031360506
31,0,FALSE,Washington,0.197139166,0.754494278,0.048366556
31,0,FALSE,West Virginia,0.086075422,0.886807043,0.027117535
31,0,FALSE,Wisconsin,0.183532495,0.765948637,0.050518868
31,0,FALSE,Wyoming,0.089920775,0.873112285,0.036966941