state,year,"Electricity, hydro, at power plant","Electricity, diesel, at power plant","Electricity, natural gas, at power plant","Electricity, solar, at power plant","Electricity, nuclear, at power plant","Electricity, biomass, at power plant","Electricity, bituminous coal, at power plant","Electricity, lignite coal, at power plant","Electricity, anthracite coal, at power plant","Electricity, wind, at power plant","Electricity, geothermal, at power plant",electricity
VT,2020,0.049089179,0,0,0.015693895,0,0.00152955,0,0,0,0.022003767,0,0.08831639
VT,2022,0.05049638,0,0,0.015893704,0,0.001573396,0,0,0,0.022721796,0,0.090685277
VT,2024,0.050375684,0,0,0.016456077,0,0.001569636,0,0,0,0.022548619,0,0.090950015
VT,2026,0.051891065,0,0,0.017867536,0,0.001616853,0,0,0,0.023105008,0,0.094480461
VT,2028,0.052181641,0,0,0.019212439,0,0.001625907,0,0,0,0.02257832,0,0.095598306
VT,2030,0.053622015,0,0,0.021488865,0,0.001670787,0,0,0,0.023076057,0,0.099857724
VT,2032,0.054330182,0,0,0.022193771,0,0.001692852,0,0,0,0.023255609,0,0.101472414
VT,2034,0.057515557,0,0,0.024023794,0,0.001792104,0,0,0,0.024486538,0,0.107817993
VT,2036,0.051891055,0,0.140195516,0.022073184,0,0.001616852,0,0,0,0.021972391,0,0.237748998
VT,2038,0.049063988,0,0.202764115,0.021894291,0,0.001528765,0,0,0,0.022470335,0,0.297721494
VT,2040,0.046940307,0,0.225025155,0.022554205,0,0.001462594,0,0,0,0.037564903,0,0.333547164
VT,2042,0.045779268,0,0.253447971,0.021072361,0,0.001426418,0,0,0,0.028305444,0,0.350031461
VT,2044,0.045012385,0,0.249202276,0.021765767,0,0.001402523,0,0,0,0.043536615,0,0.360919565
VT,2050,0.04386775,0,0.223088613,0.024528419,0,0.001366857,0,0,0,0.084319323,0,0.377170962
VT,2048,0.043711733,0,0.242001469,0.019805434,0,0.001361996,0,0,0,0.072505436,0,0.379386069
VT,2046,0.043447726,0,0.240539845,0.022696897,0,0.00135377,0,0,0,0.075096174,0,0.383134412
MN,2048,0.019440162,0,0.017980119,0.188909719,0.182365768,0.000944495,0.021252053,0.021252053,0.021252053,0.29657487,0,0.769971292
ND,2032,0.04444464,0,0.001012886,0.003109186,0,0,0.139536252,0.139536252,0.139536252,0.306141059,0,0.773316526
ND,2030,0.04381693,0,0.000998581,0.002504846,0,0,0.142027706,0.142027706,0.142027706,0.303086291,0,0.776489766
MN,2042,0.018820335,0,0.047475268,0.203965336,0.176551241,0.002529138,0.045833683,0.045833683,0.045833683,0.190463134,0,0.777305499
ND,2038,0.042959033,0,0.000979029,0.043271085,0,0,0.115118805,0.115118805,0.115118805,0.345647524,0,0.778213085
MN,2044,0.018674389,0,0.032718528,0.201956235,0.175182147,0.002219965,0.036445639,0.036445639,0.036445639,0.238944235,0,0.779032418
ND,2034,0.042991582,0,0.000979771,0.003714587,0,0,0.145449585,0.145449585,0.145449585,0.296752354,0,0.78078705
MN,2040,0.018342459,0,0.04952124,0.19749569,0.172068347,0.002464919,0.042437735,0.042437735,0.042437735,0.21575418,0,0.782960038
ND,2036,0.041207369,0,0.000939109,0.004590032,0,0,0.129415033,0.129415033,0.129415033,0.348215023,0,0.783196632
MN,2046,0.018067928,0,0.016502047,0.187428571,0.169493008,0.000877825,0.033372755,0.033372755,0.033372755,0.293720821,0,0.786208464
ND,2042,0.040688455,0,0.000927283,0.038255694,0,0,0.100686698,0.100686698,0.100686698,0.404606916,0,0.786538444
ND,2044,0.040374875,0,0.000920137,0.03781109,0,0,0.090660356,0.090660356,0.090660356,0.437096394,0,0.788183564
ND,2040,0.040342632,0,0.000919402,0.050895133,0,0,0.098631059,0.098631059,0.098631059,0.400302375,0,0.788352719
MN,2038,0.017643998,0,0.049550091,0.191844026,0.165516172,0.005444314,0.042659392,0.042659392,0.042659392,0.236570402,0,0.794547179
ND,2046,0.038725406,0,0.000882546,0.10822591,0,0,0.081706218,0.081706218,0.081706218,0.403884564,0,0.79683708
MN,2036,0.016942568,0,0.053838673,0.183761806,0.158936142,0.005227877,0.041260705,0.041260705,0.041260705,0.256460829,0,0.79895001
MN,2034,0.016656577,0,0.061018935,0.181276045,0.156253293,0.005139631,0.040826765,0.040826765,0.040826765,0.265616377,0,0.808441153
MN,2050,0.016017654,0,0.007523669,0.193791863,0.150259635,0.000778213,0.016712472,0.016712472,0.016712472,0.391960205,0,0.810468653
ND,2028,0.043851314,0,0.000999364,0.00213262,0,0,0.153605002,0.153605002,0.153605002,0.30456455,0,0.812362854
ND,2020,0.048107164,0,0.001248066,0.001953946,0,0,0.132610427,0.132610427,0.132610427,0.364480021,0,0.813620477
ND,2022,0.043459138,0,0.001117033,0.001822325,0,0,0.147771981,0.147771981,0.147771981,0.335042199,0,0.824756638
ND,2024,0.046652919,0,0.001068724,0.001878651,0,0,0.150710183,0.150710183,0.150710183,0.326927802,0,0.828658644
MN,2032,0.014883197,0,0.05461663,0.155731563,0.139617435,0.004592428,0.070214711,0.070214711,0.070214711,0.248704122,0,0.828789508
ND,2050,0.031108408,0,0.000708956,0.081188725,0,0,0.046774581,0.046774581,0.046774581,0.583467873,0,0.836797706
MN,2030,0.013775738,0,0.04776977,0.138382412,0.205895799,0.004250706,0.065814046,0.065814046,0.065814046,0.233992647,0,0.84150921
ME,2020,0.364826916,0,0.165162763,0.010269431,0,0.007445193,0,0,0,0.297531677,0,0.845235979
ND,2026,0.045338305,0,0.001037825,0.001976895,0,0,0.160241899,0.160241899,0.160241899,0.316179535,0,0.845258258
ND,2048,0.028346669,0,0.000646016,0.080062533,0,0,0.050388291,0.050388291,0.050388291,0.591066371,0,0.851286463
MN,2028,0.014968957,0,0.064144951,0.054079099,0.223729956,0.004618891,0.077452177,0.077452177,0.077452177,0.26163702,0,0.855535405
ME,2038,0.344620863,0,0.219664427,0.040628649,0,0.002283414,0,0,0,0.250685165,0,0.857882518
ME,2044,0.370449634,0,0.247511139,0.077317697,0,0.002454552,0,0,0,0.162884418,0,0.860617439
ME,2040,0.359348254,0,0.249652792,0.044852328,0,0.002380996,0,0,0,0.20855999,0,0.86479436
ME,2042,0.355070273,0,0.29152322,0.057741873,0,0.002352651,0,0,0,0.159715943,0,0.86640396
ME,2046,0.347248466,0,0.257768443,0.100114476,0,0.002300824,0,0,0,0.161914724,0,0.869346934
ME,2034,0.353505815,0,0.204432874,0.033246161,0,0.00699063,0,0,0,0.273488886,0,0.871664366
ME,2030,0.35456415,0,0.212836188,0.022319624,0,0.007011558,0,0,0,0.276791088,0,0.873522608
ME,2032,0.350346796,0,0.217238759,0.027113654,0,0.00692816,0,0,0,0.272271285,0,0.873898654
ME,2048,0.332533297,0,0.229759638,0.126441994,0,0.002203323,0,0,0,0.1839453,0,0.874883551
NY,2020,0.184830743,0.001758134,0.354538399,0.024200099,0.245613395,0.010220374,0.001409233,0.001409233,0.001409233,0.058372866,0,0.88376171
ME,2036,0.316731588,0,0.284710927,0.035451569,0,0.00618916,0,0,0,0.241009825,0,0.884093069
MN,2026,0.014918933,0,0.090411693,0.049611676,0.222982288,0.007379408,0.077815376,0.077815376,0.077815376,0.26640446,0,0.885154588
ME,2050,0.302029221,0,0.153750287,0.182035411,0,0.002001207,0,0,0,0.246544657,0,0.886360783
MN,2024,0.013529307,0,0.10353788,0.042516989,0.202331966,0.006696003,0.092225602,0.092225602,0.092225602,0.24265871,0,0.887947661
MN,2022,0.012616494,3.33E-05,0.146606191,0.040591653,0.199436504,0.006600181,0.081284642,0.081284642,0.081284642,0.239580301,0,0.889318581
ME,2028,0.373905239,0,0.196047841,0.018810869,0,0.007394031,0,0,0,0.293170845,0,0.889328826
ME,2026,0.340707663,0,0.263026782,0.014039475,0,0.006737544,0,0,0,0.268338856,0,0.89285032
MN,2020,0.012228718,5.25E-05,0.1604577,0.038679311,0.193306695,0.00639732,0.095553461,0.095553461,0.095553461,0.199170931,0,0.896953554
NY,2024,0.205184246,0,0.273339553,0.035257972,0.198097242,0.011836399,0.006170267,0.006170267,0.006170267,0.155927954,0,0.898154167
NY,2028,0.182665113,0,0.200156597,0.078257996,0.176794959,0.009840011,0.00439385,0.00439385,0.00439385,0.241167402,0,0.902063626
WA,2048,0.845777307,0,0.017948448,0.014906878,0,0.002004975,0,0,0,0.024817094,0,0.905454702
WA,2046,0.838563511,0,0.026823618,0.01414698,0,0.001987834,0,0,0,0.024739153,0,0.906261097
WA,2044,0.838208684,0,0.026889485,0.014479212,0,0.001986833,0,0,0,0.024736548,0,0.906300761
NY,2030,0.183126669,0,0.191624962,0.135871804,0.110179653,0.008332103,0.003855678,0.003855678,0.003855678,0.26670305,0,0.907405274
NY,2022,0.189314811,0.001317522,0.358558806,0.026157133,0.18501564,0.011054767,0.013562769,0.013562769,0.013562769,0.096362974,0,0.90846996
ME,2024,0.297465592,0,0.361951624,0.01004006,0,0.005882426,0,0,0,0.235150313,0,0.910490014
NY,2032,0.174587129,0,0.184017929,0.129925044,0.107638608,0.008139942,0.003854587,0.003854587,0.003854587,0.294673684,0,0.910546096
ME,2022,0.29104326,0,0.3675152,0.008647074,0,0.005939455,0,0,0,0.237692197,0,0.910837186
WA,2050,0.787301145,0,0.01100562,0.059072477,0,0.001440449,0,0,0,0.053178092,0,0.911997783
NY,2034,0.167737654,0,0.178701264,0.129385658,0.104390323,0.006468628,0.002028846,0.002028846,0.002028846,0.319647452,0,0.912417518
WA,2042,0.764884064,0,0.030883124,0.012193769,0.079940367,0.001818578,0,0,0,0.024764118,0,0.914484018
NY,2026,0.201048646,0,0.230674078,0.079111865,0.186201116,0.010764993,0.005396817,0.005396817,0.005396817,0.190686294,0,0.914677443
WA,2040,0.756467453,0,0.028664288,0.011561553,0.079060721,0.002682804,0,0,0,0.036988198,0,0.915425017
WA,2028,0.712108226,0,0.0468868,0.004322498,0.074472303,0.002531361,0,0,0,0.076127602,0,0.91644879
WA,2026,0.694747391,0,0.069290649,0.00329086,0.072705137,0.002475285,0,0,0,0.074497852,0,0.917007173
WA,2038,0.742360898,0,0.03159215,0.011097505,0.077636129,0.002634462,0,0,0,0.052340884,0,0.917662028
WA,2030,0.711079809,0,0.048281994,0.006002001,0.074364751,0.002527705,0,0,0,0.075837497,0,0.918093757
WA,2020,0.695299631,0,0.069291029,0.002660639,0.075847595,0.002534081,0,0,0,0.072717507,0,0.918350482
WA,2036,0.737982443,0,0.034110939,0.009834032,0.07717823,0.002620916,0,0,0,0.056937705,0,0.918664265
WA,2032,0.719096794,0,0.046189001,0.007593056,0.075203168,0.002556203,0,0,0,0.068114948,0,0.91875317
WA,2034,0.721331617,0,0.043559074,0.008785317,0.075436886,0.002564148,0,0,0,0.068146807,0,0.919823848
NY,2036,0.161693954,0,0.221455627,0.133211714,0.061232239,0.006285554,0,0,0,0.336800834,0,0.920679921
WA,2022,0.699430107,0,0.06453361,0.002730962,0.076253886,0.002547655,0,0,0,0.078085144,0,0.923581365
NY,2038,0.149088514,0,0.249555747,0.157168411,0.056243941,0.00575354,0,0,0,0.310701246,0,0.9285114
WA,2024,0.685320524,0,0.079250603,0.002763095,0.071775723,0.002443642,0.005789954,0.005789954,0.005789954,0.073720374,0,0.932643823
NY,2040,0.144141837,0,0.220237165,0.19707311,0.05454485,0.003842416,0,0,0,0.313128161,0,0.932967539
NY,2042,0.143645776,0,0.219366975,0.207503109,0.054217677,0.002876552,0,0,0,0.305759526,0,0.933369615
NY,2044,0.141215339,0,0.221228734,0.211548444,0.053323345,0.002829102,0,0,0,0.304323732,0,0.934468697
NY,2046,0.140360453,0,0.209048885,0.225343176,0.053176426,0.002726949,0,0,0,0.303993363,0,0.934649252
NY,2048,0.138479726,0,0.204441535,0.285728828,0,0.002449332,0,0,0,0.305247146,0,0.936346567
NY,2050,0.135104766,0,0.202850029,0.293441729,0,0.002408291,0,0,0,0.303608344,0,0.937413159
MI,2020,0.01474995,0.024156551,0.202272656,0.003243528,0.280123377,0.004828405,0.124357198,0.124357198,0.124357198,0.062150409,0,0.96459647
MI,2034,0.010293376,0,0.298866551,0.225840364,0.178260323,0.003817348,0.066070685,0.066070685,0.066070685,0.057992129,0,0.973282146
MI,2028,0.012633547,0.00114614,0.270714745,0.060498691,0.219058561,0.00469102,0.112981883,0.112981883,0.112981883,0.065659981,0,0.973348334
MI,2036,0.010046666,0,0.298604823,0.226105797,0.177172363,0.00379405,0.066776706,0.066776706,0.066776706,0.060231011,0,0.976284829
MI,2038,0.010845732,0,0.321980786,0.22617316,0.176542008,0.003609816,0.058390165,0.058390165,0.058390165,0.062047206,0,0.976369204
MI,2030,0.019623762,0.003624617,0.225963391,0.240337085,0.195384735,0.004184058,0.077416914,0.077416914,0.077416914,0.055451103,0,0.976819493
MI,2040,0.009789698,0,0.322880554,0.228240466,0.177085708,0.003620934,0.057500661,0.057500661,0.057500661,0.064563217,0,0.978682561
MI,2032,0.013283404,0,0.307033019,0.223578704,0.178488734,0.003822239,0.066527773,0.066527773,0.066527773,0.052991055,0,0.978780473
MI,2042,0.010451852,0,0.310661694,0.253967471,0.170688728,0.003395805,0.05267316,0.05267316,0.05267316,0.072267597,0,0.979452625
MI,2044,0.009393596,0,0.30602075,0.248465855,0.166602404,0.002969247,0.053405821,0.053405821,0.053405821,0.086275218,0,0.979944533
MI,2046,0.009556834,0,0.325068585,0.247140769,0.166544756,0.002257803,0.041352016,0.041352016,0.041352016,0.105326678,0,0.979951473
MI,2048,0.013957788,0,0.373591334,0.244667239,0.106543072,0.001999485,0.017925368,0.017925368,0.017925368,0.185917323,0,0.980452344
MI,2050,0.00888574,0,0.428069395,0.235279274,0.104853229,0.001945693,0.006778677,0.006778677,0.006778677,0.181393019,0,0.980762383
MI,2024,0.020410572,0.014024364,0.289687957,0.038940355,0.221571364,0.00474483,0.110354857,0.110354857,0.110354857,0.06548851,0,0.985932524
MI,2022,0.014599703,0.022727403,0.254784911,0.003646552,0.237885455,0.005094188,0.127988964,0.127988964,0.127988964,0.066620495,0,0.989325599
MI,2026,0.017432769,0.007632579,0.282659385,0.051874089,0.222791672,0.004770962,0.113805514,0.113805514,0.113805514,0.066494042,0,0.995072041
MT,2020,0.71107346,0,0.003319415,0.003363269,0,0,0,0,0,0.277582036,0,0.99533818
MT,2022,0.486054268,0,0.002012671,0.002500042,0,0,0.084673484,0.084673484,0.084673484,0.252225979,0,0.996813413
MT,2032,0.387909126,0,0.001167888,0.007704136,0,0,0.131915996,0.131915996,0.131915996,0.204985331,0,0.99751447
MT,2024,0.384388116,0,0.001327423,0.002345341,0,0,0.133742884,0.133742884,0.133742884,0.2082296,0,0.997519134
MT,2028,0.377514713,0,0.001241817,0.003668358,0,0,0.137960391,0.137960391,0.137960391,0.201275011,0,0.997581073
MT,2026,0.377488532,0,0.001294192,0.002669185,0,0,0.138123072,0.138123072,0.138123072,0.201760114,0,0.99758124
MT,2030,0.377471627,0,0.001136464,0.005429347,0,0,0.137736198,0.137736198,0.137736198,0.200335316,0,0.997581349
MT,2036,0.372398833,0,0.001121191,0.019447228,0,0,0.108505713,0.108505713,0.108505713,0.279129462,0,0.997613853
MT,2034,0.370604557,0,0.001115789,0.014228305,0,0,0.128075811,0.128075811,0.128075811,0.227449263,0,0.997625349
MT,2038,0.356878998,0,0.001074465,0.019215254,0,0,0.10009362,0.10009362,0.10009362,0.32026372,0,0.997713296
MT,2040,0.280151881,0,0.000843461,0.038041631,0,0,0.078279264,0.078279264,0.078279264,0.444330161,0,0.998204925
MT,2042,0.243640146,0,0.000733534,0.033342029,0,0,0.068077256,0.068077256,0.068077256,0.516491398,0,0.998438874
MT,2044,0.221994973,0,0.000668366,0.020399351,0,0,0.062029222,0.062029222,0.062029222,0.569427211,0,0.998577566
MT,2046,0.215117961,0,0.000647661,0.01356164,0,0,0.060107666,0.060107666,0.060107666,0.588971369,0,0.998621631
MT,2048,0.212590124,0,0.000640051,0.013405309,0,0,0.059401345,0.059401345,0.059401345,0.593798309,0,0.998637828
MT,2050,0.205268104,0,0.000618006,0.018786839,0,0,0.054861731,0.054861731,0.054861731,0.609426601,0,0.998684744
LA,2034,0.006278412,0,0.750501333,0.131019934,0.112200321,0,0,0,0,0,0,1
FL,2046,0.000645532,0,0.342216724,0.530662959,0.09366612,0.002673216,0.01004515,0.01004515,0.01004515,0,0,1
CO,2036,0.031327483,0,0.075249225,0.178856003,0,0.000513031,0.128165269,0.128165269,0.128165269,0.32955845,0,1
ID,2026,0.621271377,0,0.15687681,0.060600815,0,0.001709656,0,0,0,0.154791345,0.004749998,1
LA,2040,0.005638064,0,0.777769838,0.115835312,0.100756786,0,0,0,0,0,0,1
ID,2038,0.32162837,0,0.335216256,0.27788048,0,0.000880103,0,0,0,0.061949571,0.002445221,1
PA,2026,0.011752468,0,0.537677953,0.010315797,0.251830429,0.006277108,0.049332524,0.049332524,0.049332524,0.034148671,0,1
CA,2050,0.099372525,0,0.154816741,0.612445749,0,0.002236444,0,0,0,0.068311444,0.062817098,1
OH,2034,0.002514349,0,0.565020507,0.03956982,0.091494019,0.002223354,0.09343595,0.09343595,0.09343595,0.018870102,0,1
OR,2028,0.513657411,0,0.203889202,0.082388979,0,0.003522877,0,0,0,0.196541531,0,1
SD,2036,0.225709379,0,0.030371309,0.048339686,0,0,0.023798557,0.023798557,0.023798557,0.624183955,0,1
FL,2026,0.000875662,0,0.626392767,0.075341475,0.127057733,0.011133622,0.053066247,0.053066247,0.053066247,0,0,1
LA,2046,0.004992942,0,0.866447321,0.128559738,0,0,0,0,0,0,0,1
PA,2022,0.014423377,0,0.562850191,0.004960439,0.236581744,0.005897021,0.04788948,0.04788948,0.04788948,0.031618789,0,1
TX,2046,0.001485537,0,0.201063522,0.341666783,0.066071537,0.000505304,0.023950205,0.023950205,0.023950205,0.317356702,0,1
WI,2044,0.024938858,0,0.272557378,0.293787804,0,0.003572003,0.102061126,0.102061126,0.102061126,0.09896058,0,1
DE,2036,0,0,0.304944316,0.687977313,0,0.007078371,0,0,0,0,0,1
FL,2048,0.00061848,0,0.327480658,0.555738394,0.089740894,0.002561191,0.007953461,0.007953461,0.007953461,0,0,1
MA,2032,0.030341545,0,0.303053431,0.14450477,0,0.032783137,0,0,0,0.489317117,0,1
MS,2038,0,0,0.377824597,0.229565236,0.34093216,0.000223106,0.017151633,0.017151633,0.017151633,0,0,1
WI,2050,0.027238712,0,0.198702251,0.308847982,0,0.003200481,0.095403759,0.095403759,0.095403759,0.175799298,0,1
OR,2020,0.5023555,0,0.279747482,0.020628449,0,0.003469594,0,0,0,0.193798975,0,1
MA,2026,0.063997904,0,0.407216642,0.168677952,0,0.040659331,0,0,0,0.319448171,0,1
MA,2034,0.030179269,0,0.301186985,0.147330159,0,0.032726391,0,0,0,0.488577197,0,1
MA,2046,0.028774549,0,0.103485923,0.390476442,0,0.003256957,0,0,0,0.474006128,0,1
MD,2036,0.033619505,0,0.399904446,0.307166626,0.114361493,0.00514091,0,0,0,0.13980702,0,1
SD,2050,0.197185711,0,0.003960014,0.084479469,0,0,0,0,0,0.714374806,0,1
TX,2038,0.001630141,0,0.307633069,0.24600577,0.072112107,0.000551501,0.028672152,0.028672152,0.028672152,0.286050955,0,1
TX,2050,0.001368392,0,0.143128274,0.42811291,0.046063333,0.000465334,0.019361476,0.019361476,0.019361476,0.322777329,0,1
WY,2022,0.020110111,0,0.016173173,0.004828988,0,0,0.241727225,0.241727225,0.241727225,0.233706052,0,1
CA,2048,0.10235889,0,0.155804601,0.621774292,0,0.002506133,0,0,0,0.053774225,0.063781859,1
OR,2026,0.496437961,0,0.226454537,0.082539995,0,0.003404779,0,0,0,0.191162728,0,1
TX,2048,0.0014284,0,0.155024728,0.354734577,0.0635781,0.000486234,0.020752872,0.020752872,0.020752872,0.362489346,0,1
WI,2040,0.024279174,0,0.324875637,0.279654121,0,0.003571822,0.118076949,0.118076949,0.118076949,0.013388398,0,1
KS,2026,0.000406939,0,0.017219813,0.194675865,0.122698071,0.000516542,0.123676905,0.123676905,0.123676905,0.293452055,0,1
MA,2042,0.033455598,0,0.202770329,0.217494256,0,0.007658089,0,0,0,0.538621728,0,1
NJ,2040,0.000287421,0,0.485603507,0.09713754,0.233565442,0.0047388,0,0,0,0.178667292,0,1
OK,2032,0.033795336,0,0.221117822,0.191366545,0,0.000287964,0.022886858,0.022886858,0.022886858,0.484771758,0,1
OR,2032,0.506726625,0,0.192759633,0.108254925,0,0.003473715,0,0,0,0.188785103,0,1
WI,2046,0.025850788,0,0.237881548,0.304911013,0,0.003652415,0.108362957,0.108362957,0.108362957,0.102615366,0,1
ID,2044,0.302458426,0,0.449664517,0.231452189,0,0.000827646,0,0,0,0.013297744,0.002299479,1
OR,2050,0.454431048,0,0.079990362,0.276400188,0,0.001911031,0,0,0,0.18726737,0,1
SD,2046,0.228777596,0,0.009756295,0.025529969,0,0,0,0,0,0.73593614,0,1
WV,2022,0.061128586,0,0.369522281,0.003813686,0,0.000380082,0.142717734,0.142717734,0.142717734,0.137002163,0,1
UT,2020,0.01729665,0,0.316014453,0.088778875,0,0.000798606,0.178095774,0.178095774,0.178095774,0.021865124,0.020958971,1
KS,2034,0.000459421,0,0.013411978,0.212583858,0.138522076,0.000583159,0.104196714,0.104196714,0.104196714,0.321849366,0,1
KS,2040,0.000467608,0,0.007858988,0.247765881,0.140990455,0.000593551,0.075214828,0.075214828,0.075214828,0.376679033,0,1
KY,2038,0.038637576,0,0.306279371,0.256826772,0,0.001074221,0.13239402,0.13239402,0.13239402,0,0,1
MA,2044,0.059964756,0,0.102205803,0.38417242,0,0.003279357,0,0,0,0.450377665,0,1
NE,2026,0.035753938,0,0.004547908,0.09231491,0.203640484,0.001697279,0.120688341,0.120688341,0.120688341,0.299980461,0,1
OK,2036,0.033950032,0,0.213430347,0.235994584,0,0.000272597,0.023163375,0.023163375,0.023163375,0.446862313,0,1
WV,2020,0.101106585,0,0.007816571,0.019277605,0,0.000628654,0.21941602,0.21941602,0.21941602,0.212922524,0,1
AR,2034,0.067245543,0,0.323979917,0.029319708,0.318262641,0.000882844,0.086769782,0.086769782,0.086769782,0,0,1
OR,2022,0.499784013,0,0.269712202,0.024432659,0,0.003491918,0,0,0,0.202579208,0,1
RI,2036,0.001592277,0,0.156803679,0.077128389,0,0.021928407,0,0,0,0.742547248,0,1
NV,2030,0.036506958,0,0.627714214,0.22594636,0,0.000751313,0.008076416,0.008076416,0.008076416,0.017456671,0.067395237,1
NM,2034,0.005489147,0,0.060557778,0.095836072,0,0.000397785,0.161983481,0.161983481,0.161983481,0.351768776,0,1
AR,2028,0.075075715,0,0.212521178,0.017494368,0.355321621,0.000985644,0.112867158,0.112867158,0.112867158,0,0,1
IA,2020,0.015111118,0,0.15056945,0.002081057,0,0.001012957,0.134849048,0.134849048,0.134849048,0.426678276,0,1
MS,2030,0,0,0.348530772,0.195822064,0.324241772,0.000212184,0.043731069,0.043731069,0.043731069,0,0,1
NJ,2030,0.003744601,0,0.451570784,0.085341696,0.300422341,0.00759853,0,0,0,0.151322047,0,1
PA,2044,0.011439353,0,0.63198394,0.02953436,0.167870162,0.002181455,0.027725761,0.027725761,0.027725761,0.073813449,0,1
TX,2036,0.001655857,0,0.337105583,0.220984064,0.073546167,0.000611748,0.029477107,0.029477107,0.029477107,0.277665258,0,1
CA,2020,0.12910902,0,0.461111686,0.239051209,0.072481533,0.004977184,0,0,0,0.03894692,0.054322448,1
NV,2042,0.036158364,0,0.529096137,0.339511228,0,0.000744138,0.007184729,0.007184729,0.007184729,0.018898936,0.054037009,1
WY,2032,0.013404882,0,0.005530914,0.035076718,0,0,0.17958649,0.17958649,0.17958649,0.407228017,0,1
CO,2042,0.02899926,0,0.037165968,0.293556866,0,0.000485278,0.107440455,0.107440455,0.107440455,0.317471264,0,1
LA,2048,0.005071468,0,0.86703079,0.127897742,0,0,0,0,0,0,0,1
MA,2050,0.031700753,0,0.050741285,0.422603825,0,0.002560588,0,0,0,0.492393549,0,1
NE,2042,0.029366132,0,0.002114746,0.176374336,0,0.001394043,0.0560431,0.0560431,0.0560431,0.622621445,0,1
OK,2044,0.025241907,0,0.052617239,0.274141194,0,0.000200982,0.011850319,0.011850319,0.011850319,0.61224772,0,1
OR,2030,0.515620124,0,0.199212468,0.085005292,0,0.003532551,0,0,0,0.196629564,0,1
SC,2050,0.018468995,0,0.192684579,0.574937394,0.194901904,0.000828845,0.006059428,0.006059428,0.006059428,0,0,1
TX,2020,0.002004907,0.015498698,0.523598401,0.040037133,0.08938409,0.000743486,0.029300314,0.029300314,0.029300314,0.240832342,0,1
TX,2022,0.001911032,0.005727128,0.502778575,0.041311794,0.085917506,0.000714651,0.035909143,0.035909143,0.035909143,0.253911885,0,1
WI,2048,0.026908067,0,0.22605103,0.307919671,0,0.003697279,0.110988868,0.110988868,0.110988868,0.102457348,0,1
UT,2026,0.020489146,0,0.282817977,0.105484861,0,0.001546955,0.178671203,0.178671203,0.178671203,0.028820017,0.024827433,1
AR,2022,0.052554265,0,0.471267276,0.008004166,0.246649276,0.000684192,0.073613608,0.073613608,0.073613608,0,0,1
AR,2024,0.068466795,0,0.332714374,0.010969355,0.325960946,0.000904199,0.086994777,0.086994777,0.086994777,0,0,1
MS,2020,0,0,0.763005501,0.008650685,0.199208664,0.000130362,0.009668263,0.009668263,0.009668263,0,0,1
NV,2048,0.032490878,0,0.438761612,0.436876742,0,0.000668662,0.005846038,0.005846038,0.005846038,0.035466029,0.038197963,1
NV,2020,0.049253226,0,0.661249353,0.186130425,0,0.001013631,0.001750385,0.001750385,0.001750385,0.006176178,0.090926031,1
AZ,2022,0.073524252,0,0.22121201,0.110224368,0.341303159,0.000298049,0.081759125,0.081759125,0.081759125,0.008160786,0,1
CO,2048,0.026270812,0,0.02238953,0.274819738,0,0.000432242,0.083872046,0.083872046,0.083872046,0.424471542,0,1
CT,2040,0.01362561,0,0.54193474,0.148725407,0.278817505,0.00453067,0,0,0,0.012366068,0,1
DE,2028,0,0,0.304152826,0.688795193,0,0.00705198,0,0,0,0,0,1
DE,2038,0,0,0.305957707,0.686940399,0,0.007101894,0,0,0,0,0,1
IA,2032,0.015314456,0,0.054382523,0.121697772,0,0.000962121,0.13532898,0.13532898,0.13532898,0.401656187,0,1
KS,2028,0.000419331,0,0.012807643,0.198492104,0.12643447,0.000532272,0.11968563,0.11968563,0.11968563,0.302257289,0,1
KS,2032,0.000457351,0,0.013723206,0.214530757,0.137898012,0.000580532,0.103457157,0.103457157,0.103457157,0.322438672,0,1
KS,2036,0.000472184,0,0.013756913,0.216657726,0.142370321,0.00059936,0.102049333,0.102049333,0.102049333,0.319995496,0,1
MA,2024,0.069214642,0,0.560780216,0.170130601,0,0.044000995,0,0,0,0.155873546,0,1
NJ,2048,0.000480121,0,0.586813555,0.127922682,0,0.004032996,0,0,0,0.280750645,0,1
OR,2034,0.507485911,0,0.186154831,0.107095273,0,0.003476823,0,0,0,0.195787163,0,1
TX,2032,0.001715737,0,0.352921875,0.214141961,0.076317354,0.000634798,0.031807902,0.031807902,0.031807902,0.258844567,0,1
WV,2050,0.02984429,0,0.584613374,0.18846893,0,0.000150672,0.009431716,0.009431716,0.009431716,0.168627587,0,1
WY,2026,0.018073215,0,0.011794405,0.00446721,0,0,0.245601509,0.245601509,0.245601509,0.228860643,0,1
NV,2022,0.047370186,0,0.59752244,0.213419221,0,0.000974878,0.015039502,0.015039502,0.015039502,0.008145004,0.087449766,1
NV,2038,0.03605751,0,0.531328618,0.319404925,0,0.000742063,0.00716469,0.00716469,0.00716469,0.024407301,0.066565514,1
IA,2040,0.012389617,0,0.015154988,0.09377034,0,0.00077837,0.100419793,0.100419793,0.100419793,0.576647306,0,1
ID,2048,0.224857535,0,0.475424661,0.249424422,0,0.00061336,0,0,0,0.047975903,0.001704119,1
KY,2028,0.050976933,0,0.263508225,0.023757573,0,0.001417286,0.220113328,0.220113328,0.220113328,0,0,1
WI,2038,0.024333445,0,0.292398314,0.283413781,0,0.003579806,0.126406576,0.126406576,0.126406576,0.017054926,0,1
WI,2042,0.025054725,0,0.342911944,0.291316603,0,0.003588599,0.108190383,0.108190383,0.108190383,0.01255698,0,1
CO,2026,0.041851888,0,0.142428082,0.09653898,0,0.000578515,0.154149659,0.154149659,0.154149659,0.256153557,0,1
CO,2022,0.031506759,0,0.204521386,0.05258632,0,0.000530783,0.157357325,0.157357325,0.157357325,0.238782776,0,1
NM,2038,0.003429881,0,0.024494102,0.10270657,0,0.000248555,0.092424831,0.092424831,0.092424831,0.591846398,0,1
CA,2044,0.113962446,0,0.165523325,0.62131606,0,0.002862139,0,0,0,0.02929218,0.06704385,1
CT,2028,0.010678637,0,0.500964249,0.092468727,0.369243083,0.016878787,0,0,0,0.009766517,0,1
KY,2036,0.039081481,0,0.295184942,0.237593886,0,0.001086563,0.142351043,0.142351043,0.142351043,0,0,1
KY,2040,0.038918412,0,0.311426612,0.25970905,0,0.001082029,0.129621299,0.129621299,0.129621299,0,0,1
MA,2022,0.056152798,0,0.622711265,0.240381197,0,0.058814954,0,0,0,0.021939786,0,1
NE,2048,0.024880744,0,0.001364241,0.237436224,0,0.001181116,0.038186027,0.038186027,0.038186027,0.620579594,0,1
OR,2040,0.532925739,0,0.131341035,0.191708709,0,0.002688189,0,0,0,0.141336328,0,1
PA,2042,0.011257423,0,0.608310281,0.028364083,0.161599014,0.002958326,0.040686714,0.040686714,0.040686714,0.065450731,0,1
RI,2024,0.002646823,0,0.415613756,0.081430221,0,0.036451323,0,0,0,0.463857878,0,1
TX,2034,0.001702266,0,0.360584584,0.213034792,0.075513556,0.000628113,0.030816596,0.030816596,0.030816596,0.2560869,0,1
NV,2024,0.042635778,0,0.625502744,0.191762772,0,0.000877444,0.017549332,0.017549332,0.017549332,0.007863657,0.078709609,1
NV,2026,0.037303358,0,0.691516397,0.168192901,0,0.000767702,0.008836992,0.008836992,0.008836992,0.006843201,0.068865465,1
CA,2046,0.106769211,0,0.157877868,0.61013227,0,0.002733672,0,0,0,0.057516744,0.064970235,1
DE,2034,0,0,0.269521974,0.723092945,0,0.00738508,0,0,0,0,0,1
MD,2034,0.0302761,0,0.34935197,0.28151983,0.208172205,0.004629655,0,0,0,0.126050239,0,1
SD,2038,0.20596166,0,0.018692056,0.026456026,0,0,0.0118626,0.0118626,0.0118626,0.713302457,0,1
TX,2028,0.00182901,0,0.41955613,0.149999068,0.081163923,0.000675112,0.036268421,0.036268421,0.036268421,0.237971493,0,1
TX,2044,0.001519238,0,0.238905456,0.328543844,0.067600951,0.000517,0.024777736,0.024777736,0.024777736,0.288580302,0,1
WI,2022,0.027945733,0,0.3685972,0.003789308,0.144482231,0.004998674,0.141136738,0.141136738,0.141136738,0.02677664,0,1
WI,2034,0.025115803,0,0.243882268,0.296195623,0,0.004402178,0.135413304,0.135413304,0.135413304,0.024164217,0,1
WV,2026,0.06114275,0,0.300108935,0.005663686,0,0.000308685,0.174096596,0.174096596,0.174096596,0.110486156,0,1
CA,2032,0.146510028,0,0.267720897,0.45195234,0,0.005136193,0,0,0,0.046715075,0.081965467,1
NV,2036,0.03695231,0,0.599750736,0.243774939,0,0.000760478,0.008174941,0.008174941,0.008174941,0.026019317,0.068217398,1
UT,2022,0.015022539,0,0.22294976,0.077920159,0,0.001116223,0.214518199,0.214518199,0.214518199,0.021233373,0.018203349,1
NM,2032,0.005628841,0,0.063023392,0.091055387,0,0.000407908,0.177468619,0.177468619,0.177468619,0.307478614,0,1
AR,2046,0.058552371,0,0.410300701,0.047437394,0.277119216,0.000768714,0.068607201,0.068607201,0.068607201,0,0,1
CO,2050,0.026970833,0,0.019426526,0.27274713,0,0.000437294,0.078086802,0.078086802,0.078086802,0.44615781,0,1
FL,2044,0.000665404,0,0.348839514,0.520126849,0.096549572,0.00275551,0.010354383,0.010354383,0.010354383,0,0,1
ID,2024,0.620864019,0,0.159939372,0.057340027,0,0.001708535,0,0,0,0.155401164,0.004746883,1
KS,2024,0.000440366,0,0.020375213,0.183230536,0.132776704,0.000558972,0.11662743,0.11662743,0.11662743,0.312735918,0,1
KY,2020,0.057129771,0,0.209059838,0.001184839,0,0.00162153,0.243668007,0.243668007,0.243668007,0,0,1
KY,2030,0.052685105,0,0.272338047,0.024505073,0,0.001464778,0.216335666,0.216335666,0.216335666,0,0,1
KY,2042,0.038965561,0,0.302266416,0.290272106,0,0.00108334,0.122470859,0.122470859,0.122470859,0,0,1
MD,2046,0.028238196,0,0.301097556,0.517083285,0,0.000812272,0,0,0,0.152768691,0,1
MO,2024,0.015899213,0,0.057015887,0.004891067,0.119890165,0.000952538,0.241377504,0.241377504,0.241377504,0.077218619,0,1
MS,2036,0,0,0.371764266,0.220136421,0.331132845,0.000216693,0.025583258,0.025583258,0.025583258,0,0,1
NE,2024,0.041683331,0,0.006754274,0.00505321,0.237425649,0.001978867,0.11581224,0.11581224,0.11581224,0.359667947,0,1
NJ,2024,0.011002155,0,0.527368761,0.07215557,0.333780043,0.008442241,0,0,0,0.047251231,0,1
NM,2042,0.002982942,0,0.020017131,0.09077329,0,0.000216166,0.080381172,0.080381172,0.080381172,0.644866955,0,1
OK,2022,0.028648272,0.00634382,0.456423588,0.001563384,0,0.000241606,0.029946921,0.029946921,0.029946921,0.416938567,0,1
OK,2038,0.032269617,0,0.14194246,0.311355479,0,0.000254653,0.020520034,0.020520034,0.020520034,0.452617689,0,1
PA,2050,0.009784333,0,0.743239826,0.025806748,0.075855354,0.001681817,0.009542065,0.009542065,0.009542065,0.115005726,0,1
RI,2026,0.002038484,0,0.259974864,0.066921017,0,0.028073437,0,0,0,0.642992198,0,1
TX,2042,0.001554321,0,0.23115107,0.326251383,0.068803674,0.000526199,0.024863754,0.024863754,0.024863754,0.297122092,0,1
WY,2038,0.0128645,0,0.004155216,0.016326972,0,0,0.16671278,0.16671278,0.16671278,0.466514972,0,1
WY,2042,0.011109182,0,0.002881155,0.024453491,0,0,0.138106079,0.138106079,0.138106079,0.547237934,0,1
WY,2048,0.010204223,0,0.000230895,0.022674229,0,0,0.110308382,0.110308382,0.110308382,0.635965507,0,1
CA,2040,0.126525978,0,0.217129119,0.535334335,0,0.003420492,0,0,0,0.043497744,0.074092332,1
CO,2028,0.0399801,0,0.12220962,0.137694478,0,0.000547779,0.145342043,0.145342043,0.145342043,0.263541894,0,1
CT,2046,0.014869088,0,0.795930846,0.170799151,0,0.000614445,0,0,0,0.01778647,0,1
MA,2028,0.046883006,0,0.355789973,0.158517907,0,0.037710509,0,0,0,0.401098606,0,1
MA,2030,0.042841109,0,0.303200994,0.139357494,0,0.032352691,0,0,0,0.482247712,0,1
MS,2026,0,0,0.410141886,0.018225631,0.374441062,0.000245034,0.065648796,0.065648796,0.065648796,0,0,1
OK,2028,0.037627817,0,0.218540906,0.180333844,0,0.000283207,0.027639331,0.027639331,0.027639331,0.480296233,0,1
RI,2048,0.001632633,0,0.081913194,0.134147483,0,0.022484169,0,0,0,0.759822521,0,1
VA,2020,0.0293589,0,0.608413092,0.036152915,0.291799151,0.01028803,0.005444492,0.005444492,0.005444492,0.007654437,0,1
WI,2028,0.028149968,0,0.287008783,0.040279371,0.14261264,0.004933992,0.157050899,0.157050899,0.157050899,0.025862551,0,1
WV,2046,0.036124635,0,0.533834616,0.210707446,0,0.000182379,0.011416498,0.011416498,0.011416498,0.184901429,0,1
WV,2048,0.029400369,0,0.592115448,0.163751949,0,0.00014843,0.009291423,0.009291423,0.009291423,0.186709534,0,1
WY,2024,0.018243437,0,0.012924707,0.004414632,0,0,0.24416103,0.24416103,0.24416103,0.231934136,0,1
CA,2038,0.133742062,0,0.230404217,0.510499309,0,0.003691804,0,0,0,0.047522001,0.074140608,1
NV,2034,0.034892868,0,0.625662932,0.234142455,0,0.000718095,0.007718856,0.007718856,0.007718856,0.017011607,0.064415476,1
NV,2044,0.03591653,0,0.526340902,0.353584023,0,0.000739162,0.007804559,0.007804559,0.007804559,0.017780368,0.042225337,1
NM,2036,0.00370527,0,0.029124565,0.108929914,0,0.000268512,0.099845719,0.099845719,0.099845719,0.558434582,0,1
NM,2040,0.003023299,0,0.017342447,0.096899463,0,0.000219091,0.081468693,0.081468693,0.081468693,0.638109622,0,1
AR,2026,0.070931417,0,0.260450209,0.014971604,0.331427621,0.000919363,0.107099929,0.107099929,0.107099929,0,0,1
AR,2042,0.054520234,0,0.446518898,0.032181216,0.258035742,0.000715778,0.069342711,0.069342711,0.069342711,0,0,1
CT,2038,0.013684881,0,0.543069742,0.14617712,0.280030353,0.004550378,0,0,0,0.012487527,0,1
IL,2032,0.000886468,0,0.109188549,0.175002603,0.409374731,0.002523017,0.063605005,0.063605005,0.063605005,0.112209617,0,1
KS,2020,0.000602932,0,0.041877767,0.002409275,0.181792818,0.000765323,0.118247011,0.118247011,0.118247011,0.41781085,0,1
KS,2030,0.000444913,0,0.014532182,0.209248621,0.13414784,0.000564744,0.107405118,0.107405118,0.107405118,0.318846345,0,1
KY,2024,0.053012022,0,0.274335897,0.003483991,0,0.001475142,0.222564316,0.222564316,0.222564316,0,0,1
LA,2050,0.00509699,0,0.870812901,0.12409011,0,0,0,0,0,0,0,1
MS,2048,0,0,0.304468456,0.695219792,0,0.000311753,0,0,0,0,0,1
NE,2040,0.028506765,0,0.002055404,0.187242837,0,0.001353247,0.052312836,0.052312836,0.052312836,0.623903239,0,1
OR,2046,0.541541805,0,0.115807108,0.188592239,0,0.002277361,0,0,0,0.151781487,0,1
OR,2048,0.538482621,0,0.106266431,0.203631308,0,0.002264496,0,0,0,0.149355144,0,1
TN,2032,0.092296367,0,0.274364856,0.103594531,0.36373929,0.000571447,0.054906353,0.054906353,0.054906353,0.000714451,0,1
WI,2020,0.027740738,0,0.381780194,0.004586032,0.143422389,0.005446818,0.137423377,0.137423377,0.137423377,0.024753698,0,1
WI,2024,0.028171634,0,0.351506915,0.004366171,0.142734337,0.004938202,0.147304859,0.147304859,0.147304859,0.026368166,0,1
WY,2030,0.016853043,0,0.010047106,0.004607892,0,0,0.226516671,0.226516671,0.226516671,0.288941945,0,1
WY,2040,0.012130067,0,0.003145921,0.02304766,0,0,0.151410384,0.151410384,0.151410384,0.507445202,0,1
WY,2046,0.010563702,0,0.000921758,0.023221767,0,0,0.124713959,0.124713959,0.124713959,0.591150895,0,1
CA,2036,0.138939217,0,0.242090023,0.499676202,0,0.00465658,0,0,0,0.037971622,0.076666356,1
FL,2032,0.00082386,0,0.560346746,0.205421424,0.119541355,0.009122402,0.034914738,0.034914738,0.034914738,0,0,1
KY,2034,0.039542055,0,0.298663688,0.234012592,0,0.001099368,0.142227432,0.142227432,0.142227432,0,0,1
MO,2036,0.01220239,0,0.014353238,0.208202377,0.100033718,0.000794777,0.200593302,0.200593302,0.200593302,0.062633596,0,1
MO,2050,0.020210271,0,0.01001898,0.42402379,0,0.001125622,0.154231428,0.154231428,0.154231428,0.081927054,0,1
OH,2048,0.002147706,0,0.709980664,0.072959143,0,0.001899144,0.050428542,0.050428542,0.050428542,0.061727718,0,1
OK,2034,0.035897657,0,0.207358278,0.223159254,0,0.000279818,0.023770372,0.023770372,0.023770372,0.461993877,0,1
SC,2024,0.021644378,0,0.178206295,0.05557555,0.533395345,0.001677811,0.06983354,0.06983354,0.06983354,0,0,1
WI,2030,0.027866195,0,0.302579231,0.105979031,0.070823616,0.004884253,0.154096305,0.154096305,0.154096305,0.025578761,0,1
WI,2036,0.024331074,0,0.280050238,0.28810105,0,0.003579458,0.126814719,0.126814719,0.126814719,0.023494023,0,1
WY,2050,0.009271463,0,0.000700975,0.045000757,0,0,0.073876723,0.073876723,0.073876723,0.723396635,0,1
CO,2032,0.031278477,0,0.099477606,0.150044278,0,0.000521194,0.134009028,0.134009028,0.134009028,0.316651361,0,1
UT,2038,0.021757551,0,0.136361882,0.231627366,0,0.001642721,0.184521118,0.184521118,0.184521118,0.028682722,0.026364405,1
AR,2036,0.066262989,0,0.327126168,0.032395182,0.313612366,0.000869944,0.086577783,0.086577783,0.086577783,0,0,1
CT,2042,0.013294303,0,0.552242008,0.148087176,0.272038055,0.002338014,0,0,0,0.012000444,0,1
FL,2042,0.000686446,0,0.372657943,0.488643371,0.099602725,0.003456506,0.011651003,0.011651003,0.011651003,0,0,1
IA,2026,0.015952614,0,0.078412958,0.028474409,0,0.001002213,0.144703683,0.144703683,0.144703683,0.442046757,0,1
IA,2028,0.016066289,0,0.058621633,0.045157969,0,0.001009355,0.145283522,0.145283522,0.145283522,0.443294189,0,1
ID,2040,0.333537811,0,0.34840317,0.259842217,0,0.000912691,0,0,0,0.054768346,0.002535764,1
IL,2024,0.000804381,0,0.133511118,0.00847435,0.540077492,0.002215,0.070269412,0.070269412,0.070269412,0.104109422,0,1
KS,2044,0.000354964,0,0.002754396,0.202433367,0.107026859,0.000450569,0.035863366,0.035863366,0.035863366,0.579389748,0,1
KS,2046,0.000436876,0,0.004153989,0.220714928,0,0.000554542,0.039058928,0.039058928,0.039058928,0.656962881,0,1
KS,2048,0.000452587,0,0.003378991,0.226581339,0,0.000574484,0.043315387,0.043315387,0.043315387,0.639066437,0,1
MD,2028,0.02920027,0,0.364933751,0.277047273,0.200775023,0.008360199,0.007427515,0.007427515,0.007427515,0.097400939,0,1
MD,2038,0.037804956,0,0.45489186,0.342881373,0,0.005780926,0.00053348,0.00053348,0.00053348,0.157040444,0,1
MD,2040,0.034556193,0,0.41227053,0.408072507,0,0.00525405,0,0,0,0.13984672,0,1
MO,2030,0.01796999,0,0.017895008,0.19948521,0.098013653,0.000778727,0.201213836,0.201213836,0.201213836,0.062215902,0,1
MO,2032,0.012268676,0,0.016499379,0.207106437,0.098432097,0.000782052,0.200927188,0.200927188,0.200927188,0.062129796,0,1
MO,2034,0.01215858,0,0.014375195,0.208075443,0.099674565,0.000791923,0.200745488,0.200745488,0.200745488,0.062687831,0,1
MO,2038,0.012617382,0,0.014841379,0.214418751,0.103435774,0.000821806,0.19801202,0.19801202,0.19801202,0.059828847,0,1
MS,2028,0,0,0.374850222,0.089288917,0.354899953,0.000232247,0.060242887,0.060242887,0.060242887,0,0,1
MS,2034,0,0,0.382062086,0.217393792,0.332051337,0.000217295,0.022758497,0.022758497,0.022758497,0,0,1
NE,2028,0.033282627,0,0.002590034,0.203623588,0.189564861,0.001579963,0.097021853,0.097021853,0.097021853,0.278293367,0,1
NE,2032,0.036268677,0,0.002630356,0.220776427,0.206572235,0.001721714,0.075213149,0.075213149,0.075213149,0.306391146,0,1
NJ,2044,0.00034652,0,0.545372262,0.107805449,0.136130478,0.003294539,0,0,0,0.207050752,0,1
NM,2048,0.002434649,0,0.087088175,0.151022138,0,0.000176433,0.028807445,0.028807445,0.028807445,0.672856269,0,1
NV,2050,0.032401632,0,0.437940239,0.417760309,0,0.000666825,0.00582998,0.00582998,0.00582998,0.055648012,0.038093041,1
OR,2036,0.487858981,0,0.157097242,0.170216151,0,0.002466088,0,0,0,0.182361537,0,1
OR,2038,0.511632357,0,0.127931739,0.185993224,0,0.002580781,0,0,0,0.171861899,0,1
TN,2024,0.092657717,0,0.283955819,0.01353296,0.375200534,0.000589453,0.077862051,0.077862051,0.077862051,0.000477363,0,1
AL,2032,0.07050316,0,0.272787385,0.012810934,0.375053738,0.000248927,0.089531952,0.089531952,0.089531952,0,0,1
AL,2042,0.073732341,0,0.26461214,0.024636216,0.390009348,0.000258853,0.082250368,0.082250368,0.082250368,0,0,1
AZ,2048,0.067341447,0,0.040107573,0.468910607,0.248658917,0.000217146,0.055960806,0.055960806,0.055960806,0.006881894,0,1
IA,2022,0.014749423,0,0.118069594,0.002147529,0,0.000988711,0.141496247,0.141496247,0.141496247,0.439556,0,1
LA,2022,0.013112741,0.045744575,0.690562109,0.005025062,0.234335338,0,0.003740058,0.003740058,0.003740058,0,0,1
MD,2024,0.027749026,0,0.409826833,0.275038215,0.208213841,0.00856856,0.007491665,0.007491665,0.007491665,0.04812853,0,1
MO,2040,0.013358692,0,0.009484552,0.227280291,0.109512939,0.00087009,0.195219672,0.195219672,0.195219672,0.053834421,0,1
MO,2042,0.013996015,0,0.009593516,0.243577387,0.111722191,0.000887643,0.188516796,0.188516796,0.188516796,0.054672859,0,1
MO,2046,0.018623131,0,0.008057362,0.369615604,0,0.000992175,0.167109915,0.167109915,0.167109915,0.101381984,0,1
NM,2050,0.002422424,0,0.088870579,0.142556623,0,0.000175547,0.028662794,0.028662794,0.028662794,0.679986447,0,1
NV,2046,0.034547963,0,0.463263794,0.41992703,0,0.000710996,0.007643028,0.007643028,0.007643028,0.018004754,0.040616379,1
OR,2024,0.502913783,0,0.273461061,0.024171732,0,0.003474342,0,0,0,0.195979081,0,1
OR,2042,0.526309699,0,0.157140186,0.190244145,0,0.002532429,0,0,0,0.123773541,0,1
RI,2046,0.00163202,0,0.088170319,0.127757789,0,0.022475736,0,0,0,0.759964136,0,1
AZ,2024,0.08354373,0,0.201101924,0.156819211,0.314591057,0.000274722,0.078730222,0.078730222,0.078730222,0.00747869,0,1
AR,2044,0.057412222,0,0.426951495,0.033690564,0.271723067,0.000753746,0.069822969,0.069822969,0.069822969,0,0,1
AR,2048,0.059122351,0,0.404757165,0.045913046,0.2793497,0.000774902,0.070027612,0.070027612,0.070027612,0,0,1
CO,2046,0.028681475,0,0.026184878,0.261392518,0,0.000430566,0.085032428,0.085032428,0.085032428,0.428213281,0,1
IA,2036,0.015847662,0,0.048562625,0.119355562,0,0.00099562,0.138475442,0.138475442,0.138475442,0.399812206,0,1
ID,2050,0.240799522,0,0.451717671,0.246652936,0,0.000656846,0,0,0,0.058348088,0.001824938,1
KS,2022,0.000547802,0,0.031367651,0.002215341,0.165170336,0.000695345,0.133056467,0.133056467,0.133056467,0.400834124,0,1
KS,2042,0.000497047,0,0.009206524,0.255095913,0.149866794,0.000630919,0.082828398,0.082828398,0.082828398,0.33621761,0,1
KS,2050,0.000442592,0,0.003123846,0.236766488,0,0.000561798,0.035825976,0.035825976,0.035825976,0.651627349,0,1
MD,2050,0.032781511,0,0.407056146,0.38002944,0,0.000942961,0,0,0,0.179189942,0,1
NJ,2032,0.00032327,0,0.442750256,0.090655366,0.303763519,0.007683038,0,0,0,0.15482455,0,1
NJ,2034,0.000314614,0,0.441541118,0.090478261,0.304669376,0.00770595,0,0,0,0.155290681,0,1
NJ,2042,0.000347932,0,0.5478179,0.105899717,0.135923286,0.003289525,0,0,0,0.206721641,0,1
OK,2020,0.027615224,0.01297877,0.508645703,0.001178951,0,0.000233671,0.019445304,0.019445304,0.019445304,0.391011767,0,1
OK,2040,0.027177061,0,0.088127118,0.28961765,0,0.000222363,0.016237447,0.016237447,0.016237447,0.546143467,0,1
RI,2038,0.001652493,0,0.121516177,0.083683562,0,0.022385069,0,0,0,0.770762699,0,1
TX,2030,0.001780415,0,0.389087132,0.196832948,0.078890089,0.000656198,0.035019449,0.035019449,0.035019449,0.227694871,0,1
WV,2038,0.067793949,0,0.332755231,0.258168429,0,0.000342264,0.032421455,0.032421455,0.032421455,0.243675763,0,1
CT,2026,0.011114634,0,0.528682601,0.078103742,0.356273965,0.016285945,0,0,0,0.009539113,0,1
DE,2040,0,0,0.268158442,0.724298911,0,0.007542648,0,0,0,0,0,1
IA,2024,0.015942677,0,0.091166106,0.014478818,0,0.001001589,0.144704371,0.144704371,0.144704371,0.443297697,0,1
IA,2030,0.016262169,0,0.063063541,0.046259059,0,0.001021661,0.144877716,0.144877716,0.144877716,0.438760422,0,1
MD,2044,0.027676058,0,0.305238335,0.534945174,0,0.004207969,0,0,0,0.127932464,0,1
MO,2048,0.019279549,0,0.009350079,0.413753628,0,0.001083645,0.148545183,0.148545183,0.148545183,0.11089755,0,1
OH,2036,0.002428552,0,0.572922682,0.044692946,0.088371986,0.002147487,0.0904362,0.0904362,0.0904362,0.018127746,0,1
OK,2026,0.040006283,0,0.314029626,0.053301309,0,0.000296419,0.029148024,0.029148024,0.029148024,0.504922291,0,1
OK,2042,0.027474958,0,0.086802405,0.284964178,0,0.000229716,0.01851065,0.01851065,0.01851065,0.544996793,0,1
RI,2044,0.001672955,0,0.075292144,0.120182668,0,0.022662256,0,0,0,0.780189978,0,1
SC,2022,0.024491147,0,0.207481825,0.053943704,0.54765908,0.001722678,0.054900522,0.054900522,0.054900522,0,0,1
TX,2040,0.001602421,0,0.280859754,0.24342408,0.070994328,0.000542952,0.026954375,0.026954375,0.026954375,0.321713339,0,1
WI,2026,0.028125586,0,0.323434996,0.014660094,0.142489118,0.004929718,0.153398512,0.153398512,0.153398512,0.026164953,0,1
NV,2032,0.036311312,0,0.624651374,0.230605452,0,0.000747286,0.007601964,0.007601964,0.007601964,0.017844627,0.067034055,1
CO,2024,0.03294749,0,0.174624095,0.056998064,0,0.000555055,0.162062112,0.162062112,0.162062112,0.248688959,0,1
CO,2040,0.030797865,0,0.035960594,0.198147221,0,0.000504885,0.119194214,0.119194214,0.119194214,0.377006791,0,1
UT,2028,0.021526011,0,0.246444718,0.11097586,0,0.001625239,0.187712962,0.187712962,0.187712962,0.030205445,0.02608384,1
NM,2030,0.005803081,0,0.086172297,0.08434389,0,0.000420535,0.184488345,0.184488345,0.184488345,0.269795164,0,1
LA,2032,0.006564325,0,0.738427266,0.137698596,0.117309814,0,0,0,0,0,0,1
MA,2036,0.034663015,0,0.265942708,0.191924183,0,0.024645277,0,0,0,0.482824817,0,1
MD,2022,0.028735963,0,0.424402951,0.286866114,0.215619285,0.008888725,0.00279016,0.00279016,0.00279016,0.027116481,0,1
MO,2020,0.018848171,0,0.105888001,0.004575768,0.118435774,0.000940983,0.226939636,0.226939636,0.226939636,0.070492395,0,1
MS,2040,0,0,0.356670009,0.247624332,0.366903434,0.000240102,0.009520707,0.009520707,0.009520707,0,0,1
MS,2050,0,0,0.182213042,0.817570307,0,0.000216651,0,0,0,0,0,1
NC,2046,0.023466007,0,0.242513513,0.373960223,0.209302006,0.001864047,0.025427124,0.025427124,0.025427124,0.072612832,0,1
NJ,2022,0.00229594,0,0.572531202,0.069451807,0.346423188,0.009051253,0,0,0,0.000246609,0,1
OK,2024,0.033897053,0,0.386448508,0.002750503,0,0.000288927,0.026819348,0.026819348,0.026819348,0.496156965,0,1
RI,2040,0.001661984,0,0.109091811,0.091499433,0,0.022446346,0,0,0,0.775300426,0,1
TX,2024,0.001859801,0.000464538,0.469863334,0.087787903,0.082991639,0.000690314,0.036515441,0.036515441,0.036515441,0.246796149,0,1
TX,2026,0.001824067,0,0.435573796,0.126951725,0.081616248,0.000678874,0.037184906,0.037184906,0.037184906,0.241800572,0,1
WI,2032,0.026041234,0,0.238240292,0.283440534,0,0.004564383,0.141254317,0.141254317,0.141254317,0.023950607,0,1
WY,2044,0.010625556,0,0.001419543,0.026327504,0,0,0.129950888,0.129950888,0.129950888,0.571774732,0,1
CA,2042,0.118220003,0,0.190608568,0.588798847,0,0.003148983,0,0,0,0.029609788,0.069613812,1
AL,2020,0.055281415,0,0.47904244,0.002960405,0.298309891,0.000197991,0.054735953,0.054735953,0.054735953,0,0,1
DE,2042,0,0,0.286047107,0.706472327,0,0.007480566,0,0,0,0,0,1
KY,2026,0.050374687,0,0.260395113,0.02434459,0,0.001400542,0.221161689,0.221161689,0.221161689,0,0,1
LA,2038,0.005983088,0,0.76475593,0.122338346,0.106922636,0,0,0,0,0,0,1
LA,2042,0.005388972,0,0.787842484,0.110463236,0.096305308,0,0,0,0,0,0,1
MD,2020,0.033709676,0,0.359326779,0.332556183,0.252939369,0.010427215,0,0,0,0.011040779,0,1
MD,2026,0.029042286,0,0.393046933,0.273067174,0.199688759,0.008314967,0.007809706,0.007809706,0.007809706,0.073410761,0,1
MO,2022,0.016586863,0,0.075341026,0.004588008,0.116646833,0.000926769,0.236819012,0.236819012,0.236819012,0.075453465,0,1
MO,2026,0.016243099,0,0.031943549,0.032878173,0.115116984,0.000914615,0.243260811,0.243260811,0.243260811,0.073121146,0,1
NJ,2028,0.00416207,0,0.483222055,0.079620267,0.319946441,0.00809235,0,0,0,0.104956818,0,1
NM,2044,0.002755928,0,0.011663864,0.106367809,0,0.000199715,0.056646658,0.056646658,0.056646658,0.709072711,0,1
OR,2044,0.538134216,0,0.120070037,0.192686523,0,0.002464189,0,0,0,0.146645035,0,1
PA,2048,0.010670208,0,0.683929463,0.031990609,0.115423528,0.001764993,0.010013975,0.010013975,0.010013975,0.126179274,0,1
TN,2038,0.075008705,0,0.349284889,0.120303492,0.313116453,0.000491917,0.047264848,0.047264848,0.047264848,0,0,1
UT,2044,0.023071952,0,0.141458515,0.246633604,0,0.00174196,0.185898764,0.185898764,0.185898764,0.020947112,0.008450568,1
VA,2038,0.01080241,0,0.404519252,0.132803586,0.245047012,0.008418312,0,0,0,0.198409429,0,1
WV,2036,0.078784846,0,0.386702202,0.136032364,0,0.000397752,0.05085755,0.05085755,0.05085755,0.245510187,0,1
WY,2036,0.013652022,0,0.005025231,0.011224765,0,0,0.183124932,0.183124932,0.183124932,0.420723187,0,1
AZ,2020,0.073746994,0,0.322421747,0.103420768,0.340881937,0.000297681,0.050429749,0.050429749,0.050429749,0.007941626,0,1
AZ,2032,0.075531255,0,0.14349855,0.306344144,0.275073764,0.000240213,0.064288125,0.064288125,0.064288125,0.006447699,0,1
CO,2038,0.033057108,0,0.048210764,0.183437539,0,0.000516119,0.12762612,0.12762612,0.12762612,0.35190011,0,1
UT,2036,0.022589204,0,0.171417185,0.155286136,0,0.001705512,0.196745245,0.196745245,0.196745245,0.031394079,0.027372149,1
AR,2040,0.067579877,0,0.322245994,0.036111072,0.31984499,0.000887233,0.084443611,0.084443611,0.084443611,0,0,1
CO,2044,0.027119245,0,0.029878265,0.285359302,0,0.000445134,0.08775553,0.08775553,0.08775553,0.393931462,0,1
CT,2050,0.013719693,0,0.718438762,0.247513859,0,0.000210957,0,0,0,0.020116728,0,1
DE,2026,0,0,0.361243863,0.631948258,0,0.006807878,0,0,0,0,0,1
DE,2030,0,0,0.266646206,0.726047511,0,0.007306282,0,0,0,0,0,1
DE,2032,0,0,0.253100179,0.739404557,0,0.007495264,0,0,0,0,0,1
DE,2044,0,0,0.269715578,0.722679448,0,0.007604974,0,0,0,0,0,1
FL,2022,0.00085495,0,0.763470499,0.04482572,0.124429769,0.010903343,0.01850524,0.01850524,0.01850524,0,0,1
FL,2024,0.000875435,0,0.680413113,0.049281622,0.127411154,0.011164591,0.043618028,0.043618028,0.043618028,0,0,1
GA,2030,0.043066177,0,0.271353505,0.099163437,0.400649632,0.001712378,0.061351624,0.061351624,0.061351624,0,0,1
GA,2038,0.041439528,0,0.268244462,0.21654797,0.393186855,0.001953853,0.026209111,0.026209111,0.026209111,0,0,1
GA,2050,0.024278445,0,0.411037274,0.305252696,0.257898655,0.00153293,0,0,0,0,0,1
ID,2046,0.292120804,0,0.477241347,0.214664389,0,0.000796838,0,0,0,0.012962736,0.002213885,1
IL,2022,0.000829353,0,0.130526828,0.007836844,0.556844143,0.002283765,0.064963272,0.064963272,0.064963272,0.106789251,0,1
IL,2028,0.00075095,0,0.089697049,0.114548264,0.504202702,0.00209697,0.064273437,0.064273437,0.064273437,0.095883754,0,1
KS,2038,0.000489822,0,0.01309003,0.246120177,0.147688521,0.000621749,0.0935743,0.0935743,0.0935743,0.311266802,0,1
KY,2032,0.040827716,0,0.265322933,0.239677665,0,0.001135113,0.151012191,0.151012191,0.151012191,0,0,1
MA,2038,0.031691961,0,0.23322814,0.205948154,0,0.012951677,0,0,0,0.516180068,0,1
MA,2040,0.032660831,0,0.214419123,0.213996579,0,0.007486515,0,0,0,0.531436951,0,1
NJ,2036,0.000269655,0,0.440817225,0.089956821,0.305627039,0.007730172,0,0,0,0.155599088,0,1
NM,2046,0.002682242,0,0.043808254,0.13866171,0,0.000194375,0.037985918,0.037985918,0.037985918,0.700695663,0,1
OK,2030,0.033102802,0,0.230637662,0.184832858,0,0.000278923,0.026436262,0.026436262,0.026436262,0.471838968,0,1
PA,2038,0.011761409,0,0.576976728,0.028327739,0.169611306,0.006004786,0.05636394,0.05636394,0.05636394,0.038226211,0,1
PA,2046,0.010793195,0,0.67709784,0.029445299,0.11772957,0.001912189,0.024706423,0.024706423,0.024706423,0.088902639,0,1
RI,2028,0.002057423,0,0.246446884,0.070245824,0,0.028169348,0,0,0,0.65308052,0,1
RI,2030,0.001536545,0,0.205044417,0.059190682,0,0.021160877,0,0,0,0.713067478,0,1
RI,2032,0.001524422,0,0.20313227,0.063862643,0,0.02078062,0,0,0,0.710700045,0,1
SD,2028,0.319571422,0,0.068166967,0.007868336,0,0,0.048615151,0.048615151,0.048615151,0.458547822,0,1
WV,2040,0.067360558,0,0.319681891,0.259372809,0,0.000340076,0.032214192,0.032214192,0.032214192,0.25660209,0,1
WY,2028,0.016483708,0,0.009676045,0.018421368,0,0,0.223859804,0.223859804,0.223859804,0.283839467,0,1
NV,2040,0.036096467,0,0.516684011,0.346181645,0,0.000742865,0.00717243,0.00717243,0.00717243,0.024833215,0.053944507,1
AR,2038,0.066887374,0,0.320275295,0.034597788,0.316567482,0.000878142,0.086931306,0.086931306,0.086931306,0,0,1
CT,2022,0.010643927,0,0.580502641,0.056121855,0.332091467,0.015180518,0,0,0,0.005459592,0,1
CT,2030,0.010393205,0,0.499361716,0.102813803,0.361358613,0.016518373,0,0,0,0.009554289,0,1
FL,2030,0.000832981,0,0.530603898,0.200026991,0.120864764,0.010590954,0.045693471,0.045693471,0.045693471,0,0,1
FL,2040,0.000711456,0,0.424102914,0.414348716,0.103231651,0.00488752,0.017572581,0.017572581,0.017572581,0,0,1
FL,2050,0.00062743,0,0.340872996,0.540396243,0.091039502,0.002566602,0.008165742,0.008165742,0.008165742,0,0,1
ID,2036,0.378953309,0,0.48386455,0.048711858,0,0.001036966,0,0,0,0.084552276,0.002881041,1
IL,2040,0.000847968,0,0.160544754,0.199186804,0.391595346,0.002195392,0.057778956,0.057778956,0.057778956,0.072292866,0,1
LA,2020,0.012534953,0.090651209,0.661898683,0.004304885,0.22400979,0,0.00220016,0.00220016,0.00220016,0,0,1
LA,2030,0.007584625,0,0.700580399,0.156291557,0.135543419,0,0,0,0,0,0,1
MO,2028,0.01331363,0,0.017981893,0.182473569,0.09910045,0.000787362,0.207842611,0.207842611,0.207842611,0.062815263,0,1
NH,2034,0.096489236,0,0.020398765,0.024018213,0.676800767,0.007189766,0,0,0,0.175103253,0,1
NJ,2038,0.000290573,0,0.491749625,0.100075838,0.226235701,0.008595981,0,0,0,0.173052282,0,1
OH,2050,0.002211488,0,0.691650388,0.183218047,0,0.001955544,0.02086378,0.02086378,0.02086378,0.058373192,0,1
PA,2034,0.012311592,0,0.559203758,0.028555012,0.177975149,0.006731576,0.059544488,0.059544488,0.059544488,0.036589449,0,1
SC,2020,0.031985383,0,0.221134491,0.050645227,0.555899884,0.0017486,0.046195472,0.046195472,0.046195472,0,0,1
SC,2026,0.02170425,0,0.142884347,0.057716231,0.542246057,0.001705651,0.077914488,0.077914488,0.077914488,0,0,1
SD,2024,0.299804553,0,0.12862269,0.006324569,0,0,0.037043189,0.037043189,0.037043189,0.454118619,0,1
SD,2040,0.224011913,0,0.020330208,0.010722921,0,0,0.009046465,0.009046465,0.009046465,0.717795563,0,1
TN,2022,0.099755763,0,0.210910911,0.005906324,0.407872659,0.000640782,0.091350037,0.091350037,0.091350037,0.000863448,0,1
TN,2030,0.087436322,0,0.272406982,0.102611752,0.361143638,0.000567369,0.058374861,0.058374861,0.058374861,0.000709353,0,1
TN,2044,0.071023101,0,0.413672994,0.099821565,0.292454187,0.000340886,0.040895756,0.040895756,0.040895756,0,0,1
VA,2034,0.02219119,0,0.410343523,0.109130463,0.250553731,0.008607489,0,0,0,0.199173604,0,1
VA,2036,0.010932244,0,0.416434195,0.115668002,0.247695441,0.008509296,0,0,0,0.200760822,0,1
WV,2044,0.06557767,0,0.28654205,0.253118863,0,0.000331075,0.024777376,0.024777376,0.024777376,0.320098213,0,1
CA,2022,0.130873398,0,0.436153835,0.259409169,0.073965031,0.004957257,0,0,0,0.039207031,0.055434279,1
NV,2028,0.036945937,0,0.67866515,0.171076004,0,0.000760347,0.008752321,0.008752321,0.008752321,0.018089967,0.068205633,1
CO,2034,0.031525311,0,0.09306266,0.171280566,0,0.000512042,0.129320122,0.129320122,0.129320122,0.315659056,0,1
UT,2024,0.019910016,0,0.302784988,0.102915162,0,0.00150323,0.173562489,0.173562489,0.173562489,0.028073457,0.02412568,1
NM,2026,0.005683655,0,0.117843058,0.067412678,0,0.00041188,0.188574466,0.188574466,0.188574466,0.242925332,0,1
AR,2020,0.05039431,0.008133937,0.5183219,0.004108236,0.239800423,0.000665194,0.059525333,0.059525333,0.059525333,0,0,1
IA,2034,0.015446553,0,0.060794528,0.114883061,0,0.00097042,0.135926918,0.135926918,0.135926918,0.400124682,0,1
ID,2042,0.355791517,0,0.349485224,0.275730376,0,0.000973586,0,0,0,0.015314346,0.00270495,1
MD,2030,0.029702688,0,0.353949149,0.280533555,0.204229543,0.008432409,0,0,0,0.123152656,0,1
MD,2048,0.027563271,0,0.319619839,0.501014558,0,0.000792858,0,0,0,0.151009474,0,1
NE,2022,0.041592489,0,0.012598117,0.004855826,0.236918579,0.001974641,0.114008786,0.114008786,0.114008786,0.36003399,0,1
NE,2030,0.033344496,0,0.00257916,0.204369086,0.18991724,0.0015829,0.095019318,0.095019318,0.095019318,0.283149165,0,1
NH,2042,0.084520458,0,0.000744067,0.173172522,0.592848625,0.00238887,0,0,0,0.146325458,0,1
NJ,2026,0.000317827,0,0.520223834,0.072675051,0.34367965,0.00869263,0,0,0,0.054411009,0,1
NJ,2050,0.000478973,0,0.581919956,0.125242321,0,0.004139883,0,0,0,0.288218868,0,1
OH,2030,0.003241931,0,0.41487056,0.039065418,0.117969829,0.00286673,0.132420159,0.132420159,0.132420159,0.024725054,0,1
OH,2046,0.002056055,0,0.709703297,0.066909594,0.043473964,0.0018181,0.046160207,0.046160207,0.046160207,0.037558368,0,1
PA,2028,0.011258688,0,0.522697472,0.01467436,0.251595213,0.006271245,0.053174665,0.053174665,0.053174665,0.033979026,0,1
RI,2034,0.001556078,0,0.182621554,0.068827197,0,0.021429877,0,0,0,0.725565294,0,1
RI,2050,0.001719156,0,0.079184832,0.103960515,0,0.023675747,0,0,0,0.79145975,0,1
SD,2034,0.324075458,0,0.05798882,0.019807958,0,0,0.039155855,0.039155855,0.039155855,0.4806602,0,1
SD,2048,0.20532847,0,0.003992205,0.040849428,0,0,0,0,0,0.749829897,0,1
TN,2020,0.100887333,0,0.217904457,0.005881921,0.42056358,0.00066072,0.084405373,0.084405373,0.084405373,0.000885871,0,1
UT,2048,0.022333766,0,0.145184587,0.278344517,0,0.001686226,0.175844984,0.175844984,0.175844984,0.016735762,0.008180192,1
UT,2050,0.024315061,0,0.143185363,0.294753737,0,0.001835816,0.159380816,0.159380816,0.159380816,0.048861695,0.008905881,1
VA,2024,0.028791564,0,0.580885158,0.046913918,0.288466566,0.010170532,0,0,0,0.044772261,0,1
WV,2042,0.067100725,0,0.31620516,0.258500783,0,0.000338764,0.024261904,0.024261904,0.024261904,0.285068857,0,1
CO,2030,0.031059342,0,0.125136128,0.140375355,0,0.000512793,0.134215444,0.134215444,0.134215444,0.30027005,0,1
AR,2050,0.063600729,0,0.361467044,0.048562837,0.296040287,0.0008212,0.073291545,0.073291545,0.073291545,0.009633267,0,1
CT,2032,0.010636655,0,0.485762604,0.107009075,0.36982306,0.016905299,0,0,0,0.009863307,0,1
CT,2034,0.010943687,0,0.469215081,0.111855989,0.380498164,0.017393278,0,0,0,0.010093802,0,1
DE,2020,0,0,0.939785237,0.049889455,0,0.010325308,0,0,0,0,0,1
FL,2038,0.00072695,0,0.476490351,0.350032571,0.105479726,0.006180769,0.020363211,0.020363211,0.020363211,0,0,1
ID,2020,0.602116092,0,0.186318521,0.049169984,0,0.001713073,0,0,0,0.155922837,0.004759493,1
IL,2044,0.00089362,0,0.280917131,0.195122345,0.295376487,0.00224937,0.05869546,0.05869546,0.05869546,0.049354667,0,1
KY,2022,0.052737884,0,0.193932974,0.00327374,0,0.001497178,0.249519408,0.249519408,0.249519408,0,0,1
MD,2042,0.03065801,0,0.361645432,0.470151415,0,0.004661356,0,0,0,0.132883786,0,1
MO,2044,0.019567044,0,0.011776596,0.330913324,0,0.001092608,0.189906227,0.189906227,0.189906227,0.066931746,0,1
NE,2036,0.042019054,0,0.003047397,0.266058289,0,0.001994691,0.089278147,0.089278147,0.089278147,0.419046127,0,1
NE,2050,0.01970431,0,0.000925199,0.181961307,0,0.000935385,0.030241432,0.030241432,0.030241432,0.705749503,0,1
OH,2040,0.002292885,0,0.645052761,0.051288695,0.048481567,0.002027521,0.077975225,0.077975225,0.077975225,0.016930895,0,1
PA,2024,0.012480791,0,0.565295328,0.007331731,0.255379546,0.006380536,0.039453693,0.039453693,0.039453693,0.034770989,0,1
PA,2032,0.011653996,0,0.515001178,0.026141142,0.252089153,0.006283557,0.051778958,0.051778958,0.051778958,0.0334941,0,1
PA,2036,0.011905615,0,0.561567132,0.028407911,0.174945749,0.006616994,0.060158488,0.060158488,0.060158488,0.036081136,0,1
RI,2022,0.004105383,0,0.746812331,0.123443945,0,0.056538215,0,0,0,0.069100125,0,1
RI,2042,0.001688643,0,0.089788253,0.098021321,0,0.023140805,0,0,0,0.787360978,0,1
SC,2040,0.013638115,0,0.198443246,0.468415731,0.270738174,0.00095976,0.015934991,0.015934991,0.015934991,0,0,1
SD,2020,0.330543525,0,0.176829588,0.006430186,0,0,0.01485824,0.01485824,0.01485824,0.441621982,0,1
SD,2022,0.299248756,0,0.160468681,0.006012689,0,0,0.026233723,0.026233723,0.026233723,0.455568705,0,1
VA,2030,0.015948266,0,0.481596021,0.102847489,0.275624477,0.009604646,0,0,0,0.114379101,0,1
WV,2024,0.057898936,0,0.284187216,0.004494142,0,0.000292308,0.182691177,0.182691177,0.182691177,0.105053867,0,1
UT,2030,0.021461805,0,0.246735934,0.112921874,0,0.001620392,0.187070472,0.187070472,0.187070472,0.030042541,0.026006039,1
AL,2024,0.059309027,0,0.387636365,0.006879685,0.320237963,0.000212545,0.075241472,0.075241472,0.075241472,0,0,1
FL,2020,0.000865406,0,0.798108948,0.036993014,0.125951443,0.011036682,0.009014836,0.009014836,0.009014836,0,0,1
FL,2028,0.000874431,0,0.593959696,0.101522037,0.126879165,0.011117975,0.055215565,0.055215565,0.055215565,0,0,1
IA,2046,0.010308423,0,0.007246969,0.161768183,0,0.00064762,0.06635218,0.06635218,0.06635218,0.620972264,0,1
IN,2046,0.003775754,0,0.462951472,0.165137619,0,0.001954235,0.112730659,0.112730659,0.112730659,0.027988943,0,1
MD,2032,0.030174204,0,0.344363757,0.283714061,0.207471589,0.008514289,0,0,0,0.1257621,0,1
NE,2046,0.026563387,0,0.001667683,0.164971431,0,0.001260993,0.04368842,0.04368842,0.04368842,0.674471245,0,1
NH,2022,0.099918019,0,0.033795698,0.011574935,0.70085115,0.007445257,0,0,0,0.14641494,0,1
NH,2046,0.07476417,0,0.000985471,0.204214215,0.524415463,0.001752929,0,0,0,0.193867752,0,1
NH,2050,0.062092195,0,0.000818441,0.163642883,0.435530912,0.000299141,0,0,0,0.337616427,0,1
NJ,2046,0.000456704,0,0.592569241,0.128400802,0,0.004362847,0,0,0,0.274210406,0,1
VA,2042,0.010641771,0,0.334872395,0.25062759,0.216167405,0.003451415,0,0,0,0.184239424,0,1
WV,2030,0.064359083,0,0.315895768,0.101702709,0,0.000324923,0.134123301,0.134123301,0.134123301,0.115347614,0,1
WY,2020,0.027374267,0,0.022015231,0.006579067,0,0,0.243117513,0.243117513,0.243117513,0.214678895,0,1
AZ,2030,0.074391703,0,0.163563076,0.288646814,0.272187835,0.000237693,0.064849079,0.064849079,0.064849079,0.006425643,0,1
CO,2020,0.036961752,0,0.362180245,0.053534318,0,0.000554031,0.100148017,0.100148017,0.100148017,0.246325604,0,1
NM,2020,0.006946956,0.004014294,0.34215971,0.067644662,0,0.000503428,0.108795438,0.108795438,0.108795438,0.252344636,0,1
AL,2050,0.077003803,0,0.335695376,0.039645667,0.407313842,0.000270338,0.046690324,0.046690324,0.046690324,0,0,1
CT,2020,0.011111335,0,0.584711678,0.053448761,0.334499355,0.016192777,0,0,0,3.61E-05,0,1
IA,2048,0.010296731,0,0.006466601,0.159470538,0,0.000388132,0.062873369,0.062873369,0.062873369,0.634757891,0,1
IL,2046,0.000907776,0,0.371539835,0.193428907,0.238802615,0.002116004,0.050026408,0.050026408,0.050026408,0.043125638,0,1
IN,2032,0.003897326,0,0.386547712,0.053105912,0,0.002280623,0.15936927,0.15936927,0.15936927,0.076060615,0,1
NE,2044,0.030445641,0,0.002177419,0.182771859,0,0.001445288,0.054002326,0.054002326,0.054002326,0.621152816,0,1
OH,2038,0.00229301,0,0.638695221,0.048734048,0.048484216,0.002027631,0.080914193,0.080914193,0.080914193,0.017023296,0,1
SD,2042,0.217893802,0,0.019592406,0.021130387,0,0,0.008799392,0.008799392,0.008799392,0.714985228,0,1
VA,2050,0.012225525,0,0,0.516015419,0.250849768,0.002868473,0,0,0,0.218040815,0,1
WV,2028,0.063565303,0,0.311999629,0.006492777,0,0.000320915,0.167742498,0.167742498,0.167742498,0.114393884,0,1
CA,2026,0.156724092,0,0.345491818,0.355995557,0,0.005558944,0,0,0,0.051329187,0.084900401,1
AL,2030,0.068079315,0,0.288677382,0.010928023,0.362159678,0.000240369,0.089971745,0.089971745,0.089971745,0,0,1
CT,2024,0.010846852,0,0.56856743,0.063122888,0.333416643,0.015241094,0,0,0,0.008805093,0,1
CT,2044,0.014050133,0,0.520485273,0.162874665,0.287504415,0.002470938,0,0,0,0.012614576,0,1
DE,2022,0,0,0.930365027,0.058841824,0,0.010793149,0,0,0,0,0,1
GA,2044,0.032421415,0,0.351546892,0.237335447,0.338597258,0.002012596,0.012695464,0.012695464,0.012695464,0,0,1
MA,2020,0.061197312,0,0.590794394,0.263812816,0,0.069390896,0,0,0,0.014804582,0,1
MS,2022,0,0,0.691796713,0.009410228,0.210461424,0.000137726,0.02939797,0.02939797,0.02939797,0,0,1
MS,2024,0,0,0.560831218,0.014841991,0.326822453,0.000213873,0.032430155,0.032430155,0.032430155,0,0,1
NC,2044,0.025422577,0,0.252192996,0.327140633,0.225983034,0.002012609,0.039261626,0.039261626,0.039261626,0.049463273,0,1
NE,2034,0.043771213,0,0.003174471,0.265734601,0,0.002077868,0.105793977,0.105793977,0.105793977,0.367859916,0,1
NJ,2020,0.003401948,0,0.558543317,0.068997807,0.359421142,0.00939086,0,0,0,0.000244925,0,1
OH,2042,0.002183511,0,0.693963529,0.048565594,0.046168926,0.001930805,0.058362317,0.058362317,0.058362317,0.032100684,0,1
SD,2026,0.314043251,0,0.089574253,0.006887495,0,0,0.045536686,0.045536686,0.045536686,0.452884944,0,1
SD,2044,0.227344281,0,0.012153843,0.016745927,0,0,0,0,0,0.743755949,0,1
TN,2046,0.071856491,0,0.422492211,0.089005534,0.295819359,0.000344809,0.040160532,0.040160532,0.040160532,0,0,1
WY,2034,0.013598333,0,0.007448734,0.009601402,0,0,0.182802479,0.182802479,0.182802479,0.420944094,0,1
AZ,2036,0.07446715,0,0.110416522,0.344294371,0.272901244,0.000238316,0.06378038,0.06378038,0.06378038,0.006341257,0,1
AL,2022,0.054770882,0,0.460701336,0.005466306,0.295616507,0.000196203,0.061082921,0.061082921,0.061082921,0,0,1
ID,2022,0.617134244,0,0.16250063,0.053299802,0,0.001755801,0,0,0,0.160431317,0.004878206,1
IN,2036,0.003604877,0,0.401668826,0.068405385,0,0.002109489,0.151457257,0.151457257,0.151457257,0.069839654,0,1
MA,2048,0.02841225,0,0.093966969,0.389639473,0,0.003117396,0,0,0,0.484863913,0,1
MS,2044,0,0,0.314668478,0.273014721,0.401655822,0.000262844,0.003466045,0.003466045,0.003466045,0,0,1
NC,2038,0.031214079,0,0.311167906,0.140004066,0.276310901,0.00246083,0.067035554,0.067035554,0.067035554,0.037735556,0,1
NH,2024,0.096167401,0,0.032478304,0.012194238,0.674543332,0.007165785,0,0,0,0.17745094,0,1
NH,2038,0.082840202,0,0.016015501,0.162851928,0.581062871,0.006172727,0,0,0,0.15105677,0,1
PA,2020,0.013919121,0,0.539021787,0.003774742,0.295670809,0.005953864,0.040131157,0.040131157,0.040131157,0.021266206,0,1
SC,2032,0.017443397,0,0.159988406,0.405058097,0.309391004,0.001096783,0.035674104,0.035674104,0.035674104,0,0,1
SD,2032,0.350563724,0,0.047894353,0.011574278,0,0,0.034745361,0.034745361,0.034745361,0.485731563,0,1
UT,2040,0.022361974,0,0.127309853,0.23774689,0,0.001688356,0.188455269,0.188455269,0.188455269,0.018430315,0.027096805,1
AR,2030,0.079562004,0,0.211997148,0.023824443,0.373908595,0.001037203,0.103223536,0.103223536,0.103223536,0,0,1
AR,2032,0.083486129,0,0.167836785,0.030565877,0.395126793,0.001096061,0.107296118,0.107296118,0.107296118,0,0,1
CT,2048,0.013174039,0,0.67941271,0.291401665,0,0.000202567,0,0,0,0.015809018,0,1
FL,2034,0.00080178,0,0.57695245,0.210296357,0.116337465,0.008122302,0.029163216,0.029163216,0.029163216,0,0,1
IA,2044,0.010669348,0,0.007500704,0.16658529,0,0.000670295,0.074070296,0.074070296,0.074070296,0.592363473,0,1
IA,2050,0.010701623,0,0.00413908,0.167343465,0,0.000403394,0.054523027,0.054523027,0.054523027,0.653843356,0,1
LA,2036,0.006145331,0,0.757023435,0.127009171,0.109822062,0,0,0,0,0,0,1
NC,2036,0.031814179,0,0.275189884,0.1269272,0.283707096,0.0025267,0.080357572,0.080357572,0.080357572,0.038762226,0,1
NH,2026,0.096885967,0,0.023798202,0.013005922,0.679583539,0.007219328,0,0,0,0.179507042,0,1
SC,2042,0.013311214,0,0.182576909,0.493613019,0.268453194,0.00095166,0.013698001,0.013698001,0.013698001,0,0,1
UT,2046,0.024027171,0,0.183296034,0.197930271,0,0.00181408,0.18917802,0.18917802,0.18917802,0.016597947,0.008800436,1
CA,2028,0.150738169,0,0.30913617,0.401231404,0,0.005429004,0,0,0,0.049308594,0.084156659,1
CA,2034,0.140420854,0,0.260385304,0.473715179,0,0.004904054,0,0,0,0.042313717,0.078260892,1
NM,2022,0.005457141,0.002325441,0.196679272,0.055381903,0,0.000395465,0.170918833,0.170918833,0.170918833,0.22700428,0,1
NM,2024,0.005390779,0,0.168261816,0.058466545,0,0.000390656,0.178857315,0.178857315,0.178857315,0.23091826,0,1
DE,2046,0,0,0.087429439,0.908521006,0,0.004049556,0,0,0,0,0,1
ID,2030,0.618050877,0,0.153085502,0.070754894,0,0.001691232,0,0,0,0.151718685,0.004698811,1
ID,2034,0.496413473,0,0.315936898,0.061767296,0,0.001358384,0,0,0,0.120749903,0.003774047,1
IL,2048,0.000948099,0,0.636436805,0.196859265,0,0.0021251,0.043422645,0.043422645,0.043422645,0.033362796,0,1
IN,2020,0.004236995,0.003881072,0.262127526,0.008032829,0,0.00247939,0.212973395,0.212973395,0.212973395,0.080322005,0,1
IN,2050,0.003716978,0,0.393885034,0.162352361,0,0.001923814,0.08973299,0.08973299,0.08973299,0.168922841,0,1
NC,2022,0.034626673,0,0.310868807,0.079556782,0.308330572,0.002745998,0.085859192,0.085859192,0.085859192,0.006293595,0,1
NC,2048,0.023519246,0,0.297446058,0.362549534,0.169763457,0.001859799,0.022445635,0.022445635,0.022445635,0.077525003,0,1
NH,2030,0.096453587,0,0.02551484,0.017445596,0.676550713,0.00718711,0,0,0,0.176848155,0,1
OH,2032,0.002787679,0,0.51461684,0.036479062,0.101440149,0.00246505,0.10702133,0.10702133,0.10702133,0.021147231,0,1
SC,2038,0.014569289,0,0.204674926,0.444454414,0.275388176,0.000976244,0.019978984,0.019978984,0.019978984,0,0,1
UT,2042,0.022980034,0,0.121484548,0.241133151,0,0.00173502,0.191470417,0.191470417,0.191470417,0.010410264,0.027845732,1
UT,2032,0.021918614,0,0.229644684,0.116899919,0,0.001654881,0.190904607,0.190904607,0.190904607,0.030608511,0.026559571,1
NM,2028,0.0059142,0,0.075709412,0.077340691,0,0.000428587,0.196223596,0.196223596,0.196223596,0.251936323,0,1
IA,2038,0.011580969,0,0.020612827,0.111461248,0,0.000727567,0.097336084,0.097336084,0.097336084,0.563609138,0,1
IL,2034,0.000860935,0,0.114149052,0.193996056,0.397583532,0.002457306,0.061016609,0.061016609,0.061016609,0.107903292,0,1
IL,2038,0.000853048,0,0.136831964,0.198866321,0.393941113,0.002336053,0.058407434,0.058407434,0.058407434,0.0919492,0,1
IL,2042,0.000862002,0,0.178483592,0.197301782,0.398076323,0.002179987,0.058409636,0.058409636,0.058409636,0.047867406,0,1
LA,2024,0.008592044,0,0.834220252,0.003640896,0.153546807,0,0,0,0,0,0,1
OK,2048,0.019989885,0,0.028261606,0.242980436,0,0.000167532,0.009397931,0.009397931,0.009397931,0.680406746,0,1
VA,2032,0.013668151,0,0.454511993,0.119047507,0.284092261,0.009759667,0,0,0,0.118920421,0,1
VA,2044,0.010471859,0,0.322264814,0.269949081,0.212922073,0.002732143,0,0,0,0.181660031,0,1
UT,2034,0.021773509,0,0.20255228,0.148391302,0,0.001643926,0.189640785,0.189640785,0.189640785,0.030332886,0.026383742,1
AL,2048,0.074927592,0,0.315238421,0.033410308,0.396331661,0.000263049,0.059942989,0.059942989,0.059942989,0,0,1
CT,2036,0.012422937,0,0.572642059,0.12958576,0.254207506,0.019744315,0,0,0,0.011397424,0,1
ID,2028,0.624092085,0,0.150571575,0.06497484,0,0.001707763,0,0,0,0.153908997,0.00474474,1
IL,2050,0.00089887,0,0.573042903,0.198252276,0,0.001675951,0.033985459,0.033985459,0.033985459,0.124173622,0,1
NH,2036,0.081638729,0,0.016204488,0.176061553,0.572635421,0.006083201,0,0,0,0.147376608,0,1
PA,2040,0.011476746,0,0.57443995,0.029606189,0.159192295,0.004455188,0.052925242,0.052925242,0.052925242,0.062053905,0,1
RI,2020,0.004641858,0,0.72888136,0.130132981,0,0.059611317,0,0,0,0.076732483,0,1
SC,2046,0.012622578,0,0.193037809,0.56024169,0.208077655,0.000884877,0.008378463,0.008378463,0.008378463,0,0,1
CA,2024,0.145005131,0,0.396427455,0.277996487,0.039141303,0.005617117,0,0,0,0.051307449,0.084505058,1
DE,2050,0,0,0.051504396,0.946057807,0,0.002437797,0,0,0,0,0,1
FL,2036,0.000760814,0,0.534240557,0.260871297,0.110393437,0.007096726,0.028879056,0.028879056,0.028879056,0,0,1
MS,2032,0,0,0.320196136,0.229734202,0.357966434,0.000234253,0.030622992,0.030622992,0.030622992,0,0,1
MS,2042,0,0,0.326489483,0.267169574,0.395834477,0.000259034,0.003415811,0.003415811,0.003415811,0,0,1
NH,2040,0.083543878,0,0.001292123,0.174641968,0.585998637,0.00300525,0,0,0,0.151518144,0,1
SC,2036,0.013882009,0,0.189670129,0.429493731,0.281851708,0.000999157,0.028034422,0.028034422,0.028034422,0,0,1
GA,2036,0.031873149,0,0.291117799,0.126074125,0.405065831,0.002012883,0.047952071,0.047952071,0.047952071,0,0,1
ID,2032,0.62652139,0,0.138525205,0.075377799,0,0.00171441,0,0,0,0.153097987,0.004763209,1
NE,2020,0.04605684,0,0.023090571,0.005418436,0.262348356,0.00218659,0.100164308,0.100164308,0.100164308,0.360406284,0,1
TN,2036,0.080131793,0,0.300629568,0.127559928,0.338058209,0.000531101,0.0510298,0.0510298,0.0510298,0,0,1
TN,2040,0.073030025,0,0.369090106,0.11468456,0.304856649,0.00047894,0.04595324,0.04595324,0.04595324,0,0,1
AZ,2034,0.076631773,0,0.129181061,0.310411383,0.280383906,0.00024485,0.06552917,0.06552917,0.06552917,0.006559515,0,1
CA,2030,0.149041121,0,0.268146889,0.450927433,0,0.005232863,0,0,0,0.045535475,0.081116219,1
LA,2044,0.005363027,0,0.789457064,0.109338267,0.095841643,0,0,0,0,0,0,1
NE,2038,0.043245097,0,0.003118072,0.259172929,0,0.002052892,0.082614559,0.082614559,0.082614559,0.444567332,0,1
OH,2026,0.003188014,0,0.418460525,0.015204853,0.116007853,0.002819053,0.139914237,0.139914237,0.139914237,0.02457699,0,1
PA,2030,0.011256905,0,0.522008212,0.020744565,0.251229501,0.00626213,0.051568867,0.051568867,0.051568867,0.033792086,0,1
SC,2028,0.037218946,0,0.095316085,0.272940362,0.418922412,0.001317733,0.058094821,0.058094821,0.058094821,0,0,1
SC,2044,0.019272811,0,0.203436395,0.535860393,0.210458447,0.000895001,0.010025651,0.010025651,0.010025651,0,0,1
WV,2032,0.074849892,0,0.367388142,0.123016843,0,0.000377887,0.098656202,0.098656202,0.098656202,0.13839863,0,1
GA,2048,0.027079099,0,0.310187356,0.359877321,0.27888452,0.001657668,0.007438012,0.007438012,0.007438012,0,0,1
IL,2026,0.000750756,0,0.109798776,0.082823671,0.504072935,0.002067336,0.068244271,0.068244271,0.068244271,0.095753714,0,1
IL,2036,0.000842997,0,0.130057084,0.194117626,0.38929969,0.002408922,0.059647045,0.059647045,0.059647045,0.104332545,0,1
IN,2048,0.003924773,0,0.43501308,0.165931505,0,0.002031364,0.104280718,0.104280718,0.104280718,0.080257124,0,1
KY,2046,0.033371962,0,0.211324784,0.422372078,0,0.000927824,0.087258036,0.087258036,0.087258036,0.070229244,0,1
NC,2050,0.023027798,0,0.345471631,0.366041976,0.165991344,0.001675448,0.005677486,0.005677486,0.005677486,0.080759343,0,1
OH,2024,0.003225638,0,0.430762946,0.010588683,0.117376924,0.002852323,0.136730902,0.136730902,0.136730902,0.025000781,0,1
OH,2044,0.002115869,0,0.71190174,0.045320406,0.044738684,0.001870992,0.053636046,0.053636046,0.053636046,0.03314417,0,1
TN,2028,0.082393668,0,0.258291888,0.097181789,0.342430548,0.00053797,0.072813076,0.072813076,0.072813076,0.00072491,0,1
WV,2034,0.084807851,0,0.416265114,0.141319208,0,0.00042816,0.051218468,0.051218468,0.051218468,0.203524263,0,1
AZ,2050,0.06659325,0,0.040926912,0.47033816,0.245167293,0.000214097,0.055302027,0.055302027,0.055302027,0.010854207,0,1
DE,2024,0,0,0.880056152,0.103358611,0,0.016585237,0,0,0,0,0,1
IN,2034,0.003711928,0,0.406854843,0.060812565,0,0.002172133,0.151423575,0.151423575,0.151423575,0.072177807,0,1
NC,2026,0.032945209,0,0.28933064,0.079879013,0.296806097,0.00264336,0.096272203,0.096272203,0.096272203,0.009579073,0,1
NC,2030,0.034127778,0,0.289272895,0.094811819,0.307932322,0.002742451,0.087093528,0.087093528,0.087093528,0.009832151,0,1
NC,2032,0.034436768,0,0.286819485,0.103987189,0.310720308,0.002767281,0.083800454,0.083800454,0.083800454,0.009867608,0,1
NC,2040,0.029788986,0,0.344744996,0.143447677,0.266118116,0.002370053,0.059099882,0.059099882,0.059099882,0.036230527,0,1
NH,2032,0.096700761,0,0.020928359,0.020469861,0.678284455,0.007205528,0,0,0,0.176411036,0,1
VA,2026,0.030638621,0,0.500306056,0.071468854,0.276853727,0.010324035,0,0,0,0.110408707,0,1
AZ,2026,0.079759251,0,0.235084318,0.151913435,0.300340278,0.000262278,0.075163792,0.075163792,0.075163792,0.007149065,0,1
AL,2034,0.072041756,0,0.256214304,0.014210199,0.383238569,0.000254359,0.091346938,0.091346938,0.091346938,0,0,1
NC,2024,0.033132898,0,0.29535049,0.076392093,0.292938961,0.00260892,0.096813382,0.096813382,0.096813382,0.009136493,0,1
SC,2048,0.011615975,0,0.209007884,0.550991425,0.207634323,0.000882991,0.006622467,0.006622467,0.006622467,0,0,1
TN,2026,0.102243481,0,0.255138729,0.088932338,0.338250246,0.000531403,0.071510943,0.071510943,0.071510943,0.000370974,0,1
IN,2022,0.004021048,0.002266625,0.275349084,0.007674951,0,0.002353023,0.209468203,0.209468203,0.209468203,0.079930658,0,1
IN,2044,0.003674649,0,0.492954751,0.07689412,0,0.001901906,0.131230246,0.131230246,0.131230246,0.030883835,0,1
TN,2042,0.073253255,0,0.384207904,0.10816092,0.301675059,0.000351634,0.044117076,0.044117076,0.044117076,0,0,1
TN,2048,0.075568408,0,0.505583571,0.095508493,0.308555444,0.000359654,0,0,0,0.014424429,0,1
AZ,2042,0.071758494,0,0.072273687,0.407531565,0.265660437,0.000231993,0.059924636,0.059924636,0.059924636,0.002769918,0,1
GA,2046,0.033080144,0,0.270186491,0.369963832,0.300905041,0.001788556,0.008025312,0.008025312,0.008025312,0,0,1
IL,2030,0.000791783,0,0.103639081,0.123639937,0.490218057,0.002264272,0.059410077,0.059410077,0.059410077,0.101216639,0,1
KY,2044,0.035644668,0,0.265895688,0.386259007,0,0.000991011,0.103736542,0.103736542,0.103736542,0,0,1
LA,2028,0.00878761,0,0.81312278,0.021047883,0.157041727,0,0,0,0,0,0,1
NH,2020,0.114607468,0,0.003844633,0.013518676,0.803886792,0.008539822,0,0,0,0.055602608,0,1
NH,2048,0.073229792,0,0.000965247,0.185050218,0.513652936,0.000352799,0,0,0,0.226749009,0,1
SC,2030,0.019963027,0,0.073003914,0.406165983,0.36480967,0.00114752,0.044969962,0.044969962,0.044969962,0,0,1
GA,2022,0.031353248,0,0.440387683,0.036240157,0.388553227,0.001717575,0.033916037,0.033916037,0.033916037,0,0,1
IA,2042,0.01153585,0,0.014504572,0.187859646,0,0.000724733,0.096673941,0.096673941,0.096673941,0.495353376,0,1
KY,2048,0.028035089,0,0.176221332,0.511515797,0,0.000779446,0.071018753,0.071018753,0.071018753,0.070392077,0,1
NC,2034,0.034180237,0,0.291130491,0.111834446,0.30816407,0.002744515,0.080737577,0.080737577,0.080737577,0.009733511,0,1
NC,2042,0.02567992,0,0.261643893,0.30459314,0.228803855,0.002037731,0.043362146,0.043362146,0.043362146,0.047155024,0,1
NH,2044,0.080443042,0,0.001060325,0.206999925,0.56424856,0.002066933,0,0,0,0.145181215,0,1
OK,2050,0.018567723,0,0.015642017,0.231424958,0,0.000158293,0.006447488,0.006447488,0.006447488,0.714864546,0,1
VA,2028,0.012787113,0,0.497112019,0.081177453,0.283461876,0.010069901,0,0,0,0.115391637,0,1
VA,2048,0.010792493,0,0,0.523980259,0.243758207,0.002787381,0,0,0,0.218681659,0,1
AL,2038,0.074549664,0,0.239758573,0.024862025,0.394332604,0.000261722,0.088745137,0.088745137,0.088745137,0,0,1
AL,2040,0.073066795,0,0.267442101,0.023869877,0.386488922,0.000256516,0.082958596,0.082958596,0.082958596,0,0,1
IL,2020,0.00082779,0,0.142162553,0.006320745,0.555794562,0.00227946,0.063502002,0.063502002,0.063502002,0.102108883,0,1
IN,2028,0.003625731,0,0.349205086,0.039764233,0,0.002121692,0.178000987,0.178000987,0.178000987,0.071280298,0,1
NC,2028,0.033237544,0,0.287304655,0.084845337,0.2998998,0.002670913,0.094138126,0.094138126,0.094138126,0.009627373,0,1
SC,2034,0.016590708,0,0.200253421,0.399108708,0.296721998,0.001051872,0.028757764,0.028757764,0.028757764,0,0,1
AL,2046,0.072924395,0,0.327251617,0.031492405,0.385735693,0.000256016,0.060779958,0.060779958,0.060779958,0,0,1
NH,2028,0.097123601,0,0.020532876,0.014838254,0.68125037,0.007237035,0,0,0,0.179017863,0,1
OH,2020,0.003624379,0,0.406852078,0.006760306,0.13188664,0.003204916,0.141233094,0.141233094,0.141233094,0.023972397,0,1
SD,2030,0.334373789,0,0.054448826,0.009790036,0,0,0.041336027,0.041336027,0.041336027,0.47737927,0,1
AZ,2040,0.072819948,0,0.083079027,0.388208303,0.269795235,0.000235604,0.060857316,0.060857316,0.060857316,0.003289936,0,1
AL,2028,0.066608255,0,0.301047464,0.009018331,0.35433412,0.000235175,0.089585552,0.089585552,0.089585552,0,0,1
GA,2032,0.032772315,0,0.281163776,0.112174252,0.431188559,0.001842902,0.046952732,0.046952732,0.046952732,0,0,1
IN,2030,0.003757917,0,0.374810211,0.048068497,0,0.002199045,0.166050608,0.166050608,0.166050608,0.073012507,0,1
MS,2046,0,0,0.548797609,0.450776044,0,0.000426347,0,0,0,0,0,1
AL,2026,0.0630398,0,0.339407136,0.007621035,0.335351105,0.000222576,0.084786116,0.084786116,0.084786116,0,0,1
AL,2044,0.072080132,0,0.291262831,0.025760974,0.38126994,0.000253052,0.07645769,0.07645769,0.07645769,0,0,1
KY,2050,0.026757449,0,0.192235795,0.530660251,0,0.000743924,0.059097767,0.059097767,0.059097767,0.072309279,0,1
OH,2028,0.003226592,0,0.412687291,0.035643963,0.117411642,0.002853166,0.134478766,0.134478766,0.134478766,0.024741049,0,1
VA,2046,0.017919712,0,0,0.533850342,0.239434362,0.002948244,0,0,0,0.20584734,0,1
IN,2038,0.003671927,0,0.423277021,0.07238694,0,0.002148725,0.14351417,0.14351417,0.14351417,0.067972877,0,1
OH,2022,0.003322676,0,0.446610105,0.010263705,0.120908029,0.00293813,0.130334541,0.130334541,0.130334541,0.024953732,0,1
VA,2022,0.020143635,0,0.580741369,0.040985436,0.280845458,0.009901833,0.019568938,0.019568938,0.019568938,0.008675453,0,1
GA,2026,0.024771947,0,0.332264263,0.033897907,0.366031768,0.00161802,0.080472032,0.080472032,0.080472032,0,0,1
IN,2040,0.003658299,0,0.464588845,0.073882273,0,0.00214075,0.138447238,0.138447238,0.138447238,0.04038812,0,1
TN,2034,0.083269575,0,0.303950322,0.11567031,0.3417924,0.000536968,0.051593475,0.051593475,0.051593475,0,0,1
AZ,2028,0.07498386,0,0.173920812,0.251634985,0.281344108,0.000245689,0.07040977,0.07040977,0.07040977,0.006641236,0,1
AZ,2038,0.072888754,0,0.084653554,0.388295893,0.267044907,0.000233202,0.060236929,0.060236929,0.060236929,0.006172905,0,1
GA,2042,0.032817652,0,0.323861267,0.234517029,0.348680714,0.002072531,0.019350269,0.019350269,0.019350269,0,0,1
IN,2024,0.003676005,0,0.368887392,0.037784601,0,0.002151112,0.171566156,0.171566156,0.171566156,0.072802422,0,1
TN,2050,0.078509562,0,0.480311941,0.102349046,0.322908244,0.000376384,0,0,0,0.015544824,0,1
AL,2036,0.072286655,0,0.250808155,0.015371701,0.384541346,0.000255224,0.09224564,0.09224564,0.09224564,0,0,1
GA,2024,0.025428189,0,0.36931232,0.034606386,0.373173975,0.001649592,0.065276513,0.065276513,0.065276513,0,0,1
DE,2048,0,0,0.093304109,0.902374233,0,0.004321658,0,0,0,0,0,1
GA,2040,0.033195279,0,0.304269274,0.237517255,0.352692929,0.002096379,0.023409628,0.023409628,0.023409628,0,0,1
IN,2026,0.003649299,0,0.364638095,0.039187918,0,0.002135484,0.172793605,0.172793605,0.172793605,0.072008388,0,1
VA,2040,0.012166813,0,0.36269398,0.195351358,0.232514522,0.003527143,0,0,0,0.193746184,0,1
AZ,2044,0.072310165,0,0.047165151,0.429999067,0.264925121,0.000231351,0.059758771,0.059758771,0.059758771,0.006092831,0,1
AZ,2046,0.068939277,0,0.03985136,0.464492512,0.250325866,0.000218602,0.056465639,0.056465639,0.056465639,0.006775467,0,1
GA,2020,0.046623672,0,0.516361258,0.041518825,0.293279834,0.001998748,0.033405888,0.033405888,0.033405888,0,0,1
IN,2042,0.003633515,0,0.473276786,0.075297012,0,0.002126247,0.136784248,0.136784248,0.136784248,0.035313695,0,1
NC,2020,0.035006256,0,0.316238882,0.079946521,0.3136568,0.002793433,0.082977169,0.082977169,0.082977169,0.003426601,0,1
GA,2028,0.027879452,0,0.305281602,0.042240241,0.385039678,0.001645661,0.079304455,0.079304455,0.079304455,0,0,1
OK,2046,0.02274012,0,0.026895544,0.239629746,0,0.000172193,0.009027335,0.009027335,0.009027335,0.683480392,0,1
GA,2034,0.032224137,0,0.276735853,0.120763862,0.450793885,0.001926695,0.03918519,0.03918519,0.03918519,0,0,1
LA,2026,0.008690396,0,0.816711066,0.019294101,0.155304437,0,0,0,0,0,0,1